Variable1	Valor1	Variable2	Valor2	Variable3	Valor3	Variable4	Valor4	Variable5	Valor5	PERIODO	VALOR
Tipo de dato	Personas	Sexo	Ambos sexos	Total Nacional	Total Nacional	Semiintervalos de edad	16 y más años	RELACIÓN CON LA ACTIVIDAD 	Ocupado/a	2024T3	21.823,0
Tipo de dato	Personas	Sexo	Ambos sexos	Total Nacional	Total Nacional	Semiintervalos de edad	16 y más años	RELACIÓN CON LA ACTIVIDAD 	Ocupado/a	2024T2	21.684,7
Tipo de dato	Personas	Sexo	Ambos sexos	Total Nacional	Total Nacional	Semiintervalos de edad	16 y más años	RELACIÓN CON LA ACTIVIDAD 	Ocupado/a	2024T1	21.250,0
Tipo de dato	Personas	Sexo	Ambos sexos	Total Nacional	Total Nacional	Semiintervalos de edad	16 y más años	RELACIÓN CON LA ACTIVIDAD 	Ocupado/a	2023T4	21.389,7
Tipo de dato	Personas	Sexo	Ambos sexos	Total Nacional	Total Nacional	Semiintervalos de edad	16 y más años	RELACIÓN CON LA ACTIVIDAD 	Ocupado/a	2023T3	21.446,5
Tipo de dato	Personas	Sexo	Ambos sexos	Total Nacional	Total Nacional	Semiintervalos de edad	16 y más años	RELACIÓN CON LA ACTIVIDAD 	Ocupado/a	2023T2	21.258,4
Tipo de dato	Personas	Sexo	Ambos sexos	Total Nacional	Total Nacional	Semiintervalos de edad	16 y más años	RELACIÓN CON LA ACTIVIDAD 	Ocupado/a	2023T1	20.634,2
Tipo de dato	Personas	Sexo	Ambos sexos	Total Nacional	Total Nacional	Semiintervalos de edad	16 y más años	RELACIÓN CON LA ACTIVIDAD 	Ocupado/a	2022T4	20.640,7
Tipo de dato	Personas	Sexo	Ambos sexos	Total Nacional	Total Nacional	Semiintervalos de edad	16 y más años	RELACIÓN CON LA ACTIVIDAD 	Ocupado/a	2022T3	20.745,4
Tipo de dato	Personas	Sexo	Ambos sexos	Total Nacional	Total Nacional	Semiintervalos de edad	16 y más años	RELACIÓN CON LA ACTIVIDAD 	Ocupado/a	2022T2	20.607,2
Tipo de dato	Personas	Sexo	Ambos sexos	Total Nacional	Total Nacional	Semiintervalos de edad	16 y más años	RELACIÓN CON LA ACTIVIDAD 	Ocupado/a	2022T1	20.196,7
Tipo de dato	Personas	Sexo	Ambos sexos	Total Nacional	Total Nacional	Semiintervalos de edad	16 y más años	RELACIÓN CON LA ACTIVIDAD 	Ocupado/a	2021T4	20.274,8
Tipo de dato	Personas	Sexo	Ambos sexos	Total Nacional	Total Nacional	Semiintervalos de edad	16 y más años	RELACIÓN CON LA ACTIVIDAD 	Ocupado/a	2021T3	20.103,3
Tipo de dato	Personas	Sexo	Ambos sexos	Total Nacional	Total Nacional	Semiintervalos de edad	16 y más años	RELACIÓN CON LA ACTIVIDAD 	Ocupado/a	2021T2	19.716,1
Tipo de dato	Personas	Sexo	Ambos sexos	Total Nacional	Total Nacional	Semiintervalos de edad	16 y más años	RELACIÓN CON LA ACTIVIDAD 	Ocupado/a	2021T1	19.239,6
Tipo de dato	Personas	Sexo	Ambos sexos	Total Nacional	Total Nacional	Semiintervalos de edad	16 y más años	RELACIÓN CON LA ACTIVIDAD 	Ocupado/a	2020T4	19.344,3
Tipo de dato	Personas	Sexo	Ambos sexos	Total Nacional	Total Nacional	Semiintervalos de edad	16 y más años	RELACIÓN CON LA ACTIVIDAD 	Ocupado/a	2020T3	19.176,9
Tipo de dato	Personas	Sexo	Ambos sexos	Total Nacional	Total Nacional	Semiintervalos de edad	16 y más años	RELACIÓN CON LA ACTIVIDAD 	Ocupado/a	2020T2	18.607,2
Tipo de dato	Personas	Sexo	Ambos sexos	Total Nacional	Total Nacional	Semiintervalos de edad	16 y más años	RELACIÓN CON LA ACTIVIDAD 	Ocupado/a	2020T1	19.681,3
Tipo de dato	Personas	Sexo	Ambos sexos	Total Nacional	Total Nacional	Semiintervalos de edad	16 y más años	RELACIÓN CON LA ACTIVIDAD 	Ocupado/a	2019T4	19.966,9
Tipo de dato	Personas	Sexo	Ambos sexos	Total Nacional	Total Nacional	Semiintervalos de edad	16 y más años	RELACIÓN CON LA ACTIVIDAD 	Ocupado/a	2019T3	19.874,3
Tipo de dato	Personas	Sexo	Ambos sexos	Total Nacional	Total Nacional	Semiintervalos de edad	16 y más años	RELACIÓN CON LA ACTIVIDAD 	Ocupado/a	2019T2	19.804,9
Tipo de dato	Personas	Sexo	Ambos sexos	Total Nacional	Total Nacional	Semiintervalos de edad	16 y más años	RELACIÓN CON LA ACTIVIDAD 	Ocupado/a	2019T1	19.471,1
Tipo de dato	Personas	Sexo	Ambos sexos	Total Nacional	Total Nacional	Semiintervalos de edad	16 y más años	RELACIÓN CON LA ACTIVIDAD 	Ocupado/a	2018T4	19.564,6
Tipo de dato	Personas	Sexo	Ambos sexos	Total Nacional	Total Nacional	Semiintervalos de edad	16 y más años	RELACIÓN CON LA ACTIVIDAD 	Ocupado/a	2018T3	19.528,0
Tipo de dato	Personas	Sexo	Ambos sexos	Total Nacional	Total Nacional	Semiintervalos de edad	16 y más años	RELACIÓN CON LA ACTIVIDAD 	Ocupado/a	2018T2	19.344,1
Tipo de dato	Personas	Sexo	Ambos sexos	Total Nacional	Total Nacional	Semiintervalos de edad	16 y más años	RELACIÓN CON LA ACTIVIDAD 	Ocupado/a	2018T1	18.874,2
Tipo de dato	Personas	Sexo	Ambos sexos	Total Nacional	Total Nacional	Semiintervalos de edad	16 y más años	RELACIÓN CON LA ACTIVIDAD 	Ocupado/a	2017T4	18.998,4
Tipo de dato	Personas	Sexo	Ambos sexos	Total Nacional	Total Nacional	Semiintervalos de edad	16 y más años	RELACIÓN CON LA ACTIVIDAD 	Ocupado/a	2017T3	19.049,2
Tipo de dato	Personas	Sexo	Ambos sexos	Total Nacional	Total Nacional	Semiintervalos de edad	16 y más años	RELACIÓN CON LA ACTIVIDAD 	Ocupado/a	2017T2	18.813,3
Tipo de dato	Personas	Sexo	Ambos sexos	Total Nacional	Total Nacional	Semiintervalos de edad	16 y más años	RELACIÓN CON LA ACTIVIDAD 	Ocupado/a	2017T1	18.438,3
Tipo de dato	Personas	Sexo	Ambos sexos	Total Nacional	Total Nacional	Semiintervalos de edad	16 y más años	RELACIÓN CON LA ACTIVIDAD 	Ocupado/a	2016T4	18.508,1
Tipo de dato	Personas	Sexo	Ambos sexos	Total Nacional	Total Nacional	Semiintervalos de edad	16 y más años	RELACIÓN CON LA ACTIVIDAD 	Ocupado/a	2016T3	18.527,5
Tipo de dato	Personas	Sexo	Ambos sexos	Total Nacional	Total Nacional	Semiintervalos de edad	16 y más años	RELACIÓN CON LA ACTIVIDAD 	Ocupado/a	2016T2	18.301,0
Tipo de dato	Personas	Sexo	Ambos sexos	Total Nacional	Total Nacional	Semiintervalos de edad	16 y más años	RELACIÓN CON LA ACTIVIDAD 	Ocupado/a	2016T1	18.029,6
Tipo de dato	Personas	Sexo	Ambos sexos	Total Nacional	Total Nacional	Semiintervalos de edad	16 y más años	RELACIÓN CON LA ACTIVIDAD 	Ocupado/a	2015T4	18.094,2
Tipo de dato	Personas	Sexo	Ambos sexos	Total Nacional	Total Nacional	Semiintervalos de edad	16 y más años	RELACIÓN CON LA ACTIVIDAD 	Ocupado/a	2015T3	18.048,7
Tipo de dato	Personas	Sexo	Ambos sexos	Total Nacional	Total Nacional	Semiintervalos de edad	16 y más años	RELACIÓN CON LA ACTIVIDAD 	Ocupado/a	2015T2	17.866,5
Tipo de dato	Personas	Sexo	Ambos sexos	Total Nacional	Total Nacional	Semiintervalos de edad	16 y más años	RELACIÓN CON LA ACTIVIDAD 	Ocupado/a	2015T1	17.454,8
Tipo de dato	Personas	Sexo	Ambos sexos	Total Nacional	Total Nacional	Semiintervalos de edad	16 y más años	RELACIÓN CON LA ACTIVIDAD 	Ocupado/a	2014T4	17.569,1
Tipo de dato	Personas	Sexo	Ambos sexos	Total Nacional	Total Nacional	Semiintervalos de edad	16 y más años	RELACIÓN CON LA ACTIVIDAD 	Ocupado/a	2014T3	17.504,0
Tipo de dato	Personas	Sexo	Ambos sexos	Total Nacional	Total Nacional	Semiintervalos de edad	16 y más años	RELACIÓN CON LA ACTIVIDAD 	Ocupado/a	2014T2	17.353,0
Tipo de dato	Personas	Sexo	Ambos sexos	Total Nacional	Total Nacional	Semiintervalos de edad	16 y más años	RELACIÓN CON LA ACTIVIDAD 	Ocupado/a	2014T1	16.950,6
Tipo de dato	Personas	Sexo	Ambos sexos	Total Nacional	Total Nacional	Semiintervalos de edad	16 y más años	RELACIÓN CON LA ACTIVIDAD 	Ocupado/a	2013T4	17.135,2
Tipo de dato	Personas	Sexo	Ambos sexos	Total Nacional	Total Nacional	Semiintervalos de edad	16 y más años	RELACIÓN CON LA ACTIVIDAD 	Ocupado/a	2013T3	17.230,0
Tipo de dato	Personas	Sexo	Ambos sexos	Total Nacional	Total Nacional	Semiintervalos de edad	16 y más años	RELACIÓN CON LA ACTIVIDAD 	Ocupado/a	2013T2	17.160,6
Tipo de dato	Personas	Sexo	Ambos sexos	Total Nacional	Total Nacional	Semiintervalos de edad	16 y más años	RELACIÓN CON LA ACTIVIDAD 	Ocupado/a	2013T1	17.030,2
Tipo de dato	Personas	Sexo	Ambos sexos	Total Nacional	Total Nacional	Semiintervalos de edad	16 y más años	RELACIÓN CON LA ACTIVIDAD 	Ocupado/a	2012T4	17.339,4
Tipo de dato	Personas	Sexo	Ambos sexos	Total Nacional	Total Nacional	Semiintervalos de edad	16 y más años	RELACIÓN CON LA ACTIVIDAD 	Ocupado/a	2012T3	17.667,7
Tipo de dato	Personas	Sexo	Ambos sexos	Total Nacional	Total Nacional	Semiintervalos de edad	16 y más años	RELACIÓN CON LA ACTIVIDAD 	Ocupado/a	2012T2	17.758,5
Tipo de dato	Personas	Sexo	Ambos sexos	Total Nacional	Total Nacional	Semiintervalos de edad	16 y más años	RELACIÓN CON LA ACTIVIDAD 	Ocupado/a	2012T1	17.765,1
Tipo de dato	Personas	Sexo	Ambos sexos	Total Nacional	Total Nacional	Semiintervalos de edad	16 y más años	RELACIÓN CON LA ACTIVIDAD 	Ocupado/a	2011T4	18.153,0
Tipo de dato	Personas	Sexo	Ambos sexos	Total Nacional	Total Nacional	Semiintervalos de edad	16 y más años	RELACIÓN CON LA ACTIVIDAD 	Ocupado/a	2011T3	18.484,5
Tipo de dato	Personas	Sexo	Ambos sexos	Total Nacional	Total Nacional	Semiintervalos de edad	16 y más años	RELACIÓN CON LA ACTIVIDAD 	Ocupado/a	2011T2	18.622,0
Tipo de dato	Personas	Sexo	Ambos sexos	Total Nacional	Total Nacional	Semiintervalos de edad	16 y más años	RELACIÓN CON LA ACTIVIDAD 	Ocupado/a	2011T1	18.426,2
Tipo de dato	Personas	Sexo	Ambos sexos	Total Nacional	Total Nacional	Semiintervalos de edad	16 y más años	RELACIÓN CON LA ACTIVIDAD 	Ocupado/a	2010T4	18.674,9
Tipo de dato	Personas	Sexo	Ambos sexos	Total Nacional	Total Nacional	Semiintervalos de edad	16 y más años	RELACIÓN CON LA ACTIVIDAD 	Ocupado/a	2010T3	18.819,0
Tipo de dato	Personas	Sexo	Ambos sexos	Total Nacional	Total Nacional	Semiintervalos de edad	16 y más años	RELACIÓN CON LA ACTIVIDAD 	Ocupado/a	2010T2	18.751,1
Tipo de dato	Personas	Sexo	Ambos sexos	Total Nacional	Total Nacional	Semiintervalos de edad	16 y más años	RELACIÓN CON LA ACTIVIDAD 	Ocupado/a	2010T1	18.652,9
Tipo de dato	Personas	Sexo	Ambos sexos	Total Nacional	Total Nacional	Semiintervalos de edad	16 y más años	RELACIÓN CON LA ACTIVIDAD 	Ocupado/a	2009T4	18.890,4
Tipo de dato	Personas	Sexo	Ambos sexos	Total Nacional	Total Nacional	Semiintervalos de edad	16 y más años	RELACIÓN CON LA ACTIVIDAD 	Ocupado/a	2009T3	19.098,4
Tipo de dato	Personas	Sexo	Ambos sexos	Total Nacional	Total Nacional	Semiintervalos de edad	16 y más años	RELACIÓN CON LA ACTIVIDAD 	Ocupado/a	2009T2	19.154,2
Tipo de dato	Personas	Sexo	Ambos sexos	Total Nacional	Total Nacional	Semiintervalos de edad	16 y más años	RELACIÓN CON LA ACTIVIDAD 	Ocupado/a	2009T1	19.284,4
Tipo de dato	Personas	Sexo	Ambos sexos	Total Nacional	Total Nacional	Semiintervalos de edad	16 y más años	RELACIÓN CON LA ACTIVIDAD 	Ocupado/a	2008T4	20.055,3
Tipo de dato	Personas	Sexo	Ambos sexos	Total Nacional	Total Nacional	Semiintervalos de edad	16 y más años	RELACIÓN CON LA ACTIVIDAD 	Ocupado/a	2008T3	20.556,4
Tipo de dato	Personas	Sexo	Ambos sexos	Total Nacional	Total Nacional	Semiintervalos de edad	16 y más años	RELACIÓN CON LA ACTIVIDAD 	Ocupado/a	2008T2	20.646,9
Tipo de dato	Personas	Sexo	Ambos sexos	Total Nacional	Total Nacional	Semiintervalos de edad	16 y más años	RELACIÓN CON LA ACTIVIDAD 	Ocupado/a	2008T1	20.620,0
Tipo de dato	Personas	Sexo	Ambos sexos	Total Nacional	Total Nacional	Semiintervalos de edad	16 y más años	RELACIÓN CON LA ACTIVIDAD 	Ocupado/a	2007T4	20.717,9
Tipo de dato	Personas	Sexo	Ambos sexos	Total Nacional	Total Nacional	Semiintervalos de edad	16 y más años	RELACIÓN CON LA ACTIVIDAD 	Ocupado/a	2007T3	20.753,4
Tipo de dato	Personas	Sexo	Ambos sexos	Total Nacional	Total Nacional	Semiintervalos de edad	16 y más años	RELACIÓN CON LA ACTIVIDAD 	Ocupado/a	2007T2	20.580,9
Tipo de dato	Personas	Sexo	Ambos sexos	Total Nacional	Total Nacional	Semiintervalos de edad	16 y más años	RELACIÓN CON LA ACTIVIDAD 	Ocupado/a	2007T1	20.267,5
Tipo de dato	Personas	Sexo	Ambos sexos	Total Nacional	Total Nacional	Semiintervalos de edad	16 y más años	RELACIÓN CON LA ACTIVIDAD 	Ocupado/a	2006T4	20.195,4
Tipo de dato	Personas	Sexo	Ambos sexos	Total Nacional	Total Nacional	Semiintervalos de edad	16 y más años	RELACIÓN CON LA ACTIVIDAD 	Ocupado/a	2006T3	20.091,0
Tipo de dato	Personas	Sexo	Ambos sexos	Total Nacional	Total Nacional	Semiintervalos de edad	16 y más años	RELACIÓN CON LA ACTIVIDAD 	Ocupado/a	2006T2	19.891,6
Tipo de dato	Personas	Sexo	Ambos sexos	Total Nacional	Total Nacional	Semiintervalos de edad	16 y más años	RELACIÓN CON LA ACTIVIDAD 	Ocupado/a	2006T1	19.578,4
Tipo de dato	Personas	Sexo	Ambos sexos	Total Nacional	Total Nacional	Semiintervalos de edad	16 y más años	RELACIÓN CON LA ACTIVIDAD 	Ocupado/a	2005T4	19.509,2
Tipo de dato	Personas	Sexo	Ambos sexos	Total Nacional	Total Nacional	Semiintervalos de edad	16 y más años	RELACIÓN CON LA ACTIVIDAD 	Ocupado/a	2005T3	19.422,1
Tipo de dato	Personas	Sexo	Ambos sexos	Total Nacional	Total Nacional	Semiintervalos de edad	16 y más años	RELACIÓN CON LA ACTIVIDAD 	Ocupado/a	2005T2	19.160,6
Tipo de dato	Personas	Sexo	Ambos sexos	Total Nacional	Total Nacional	Semiintervalos de edad	16 y más años	RELACIÓN CON LA ACTIVIDAD 	Ocupado/a	2005T1	18.736,1
Tipo de dato	Personas	Sexo	Ambos sexos	Total Nacional	Total Nacional	Semiintervalos de edad	16 y más años	RELACIÓN CON LA ACTIVIDAD 	Ocupado/a	2004T4	18.490,8
Tipo de dato	Personas	Sexo	Ambos sexos	Total Nacional	Total Nacional	Semiintervalos de edad	16 y más años	RELACIÓN CON LA ACTIVIDAD 	Ocupado/a	2004T3	18.289,1
Tipo de dato	Personas	Sexo	Ambos sexos	Total Nacional	Total Nacional	Semiintervalos de edad	16 y más años	RELACIÓN CON LA ACTIVIDAD 	Ocupado/a	2004T2	18.018,9
Tipo de dato	Personas	Sexo	Ambos sexos	Total Nacional	Total Nacional	Semiintervalos de edad	16 y más años	RELACIÓN CON LA ACTIVIDAD 	Ocupado/a	2004T1	17.770,2
Tipo de dato	Personas	Sexo	Ambos sexos	Total Nacional	Total Nacional	Semiintervalos de edad	16 y más años	RELACIÓN CON LA ACTIVIDAD 	Ocupado/a	2003T4	17.740,5
Tipo de dato	Personas	Sexo	Ambos sexos	Total Nacional	Total Nacional	Semiintervalos de edad	16 y más años	RELACIÓN CON LA ACTIVIDAD 	Ocupado/a	2003T3	17.646,0
Tipo de dato	Personas	Sexo	Ambos sexos	Total Nacional	Total Nacional	Semiintervalos de edad	16 y más años	RELACIÓN CON LA ACTIVIDAD 	Ocupado/a	2003T2	17.423,2
Tipo de dato	Personas	Sexo	Ambos sexos	Total Nacional	Total Nacional	Semiintervalos de edad	16 y más años	RELACIÓN CON LA ACTIVIDAD 	Ocupado/a	2003T1	17.092,7
Tipo de dato	Personas	Sexo	Ambos sexos	Total Nacional	Total Nacional	Semiintervalos de edad	16 y más años	RELACIÓN CON LA ACTIVIDAD 	Ocupado/a	2002T4	16.991,9
Tipo de dato	Personas	Sexo	Ambos sexos	Total Nacional	Total Nacional	Semiintervalos de edad	16 y más años	RELACIÓN CON LA ACTIVIDAD 	Ocupado/a	2002T3	16.919,3
Tipo de dato	Personas	Sexo	Ambos sexos	Total Nacional	Total Nacional	Semiintervalos de edad	16 y más años	RELACIÓN CON LA ACTIVIDAD 	Ocupado/a	2002T2	16.766,9
Tipo de dato	Personas	Sexo	Ambos sexos	Total Nacional	Total Nacional	Semiintervalos de edad	16 y más años	RELACIÓN CON LA ACTIVIDAD 	Ocupado/a	2002T1	16.482,3
Tipo de dato	Variación anual	Sexo	Ambos sexos	Total Nacional	Total Nacional	Semiintervalos de edad	16 y más años	RELACIÓN CON LA ACTIVIDAD 	Ocupado/a	2024T3	1,76
Tipo de dato	Variación anual	Sexo	Ambos sexos	Total Nacional	Total Nacional	Semiintervalos de edad	16 y más años	RELACIÓN CON LA ACTIVIDAD 	Ocupado/a	2024T2	2,01
Tipo de dato	Variación anual	Sexo	Ambos sexos	Total Nacional	Total Nacional	Semiintervalos de edad	16 y más años	RELACIÓN CON LA ACTIVIDAD 	Ocupado/a	2024T1	2,98
Tipo de dato	Variación anual	Sexo	Ambos sexos	Total Nacional	Total Nacional	Semiintervalos de edad	16 y más años	RELACIÓN CON LA ACTIVIDAD 	Ocupado/a	2023T4	3,63
Tipo de dato	Variación anual	Sexo	Ambos sexos	Total Nacional	Total Nacional	Semiintervalos de edad	16 y más años	RELACIÓN CON LA ACTIVIDAD 	Ocupado/a	2023T3	3,38
Tipo de dato	Variación anual	Sexo	Ambos sexos	Total Nacional	Total Nacional	Semiintervalos de edad	16 y más años	RELACIÓN CON LA ACTIVIDAD 	Ocupado/a	2023T2	3,16
Tipo de dato	Variación anual	Sexo	Ambos sexos	Total Nacional	Total Nacional	Semiintervalos de edad	16 y más años	RELACIÓN CON LA ACTIVIDAD 	Ocupado/a	2023T1	2,17
Tipo de dato	Variación anual	Sexo	Ambos sexos	Total Nacional	Total Nacional	Semiintervalos de edad	16 y más años	RELACIÓN CON LA ACTIVIDAD 	Ocupado/a	2022T4	1,80
Tipo de dato	Variación anual	Sexo	Ambos sexos	Total Nacional	Total Nacional	Semiintervalos de edad	16 y más años	RELACIÓN CON LA ACTIVIDAD 	Ocupado/a	2022T3	3,19
Tipo de dato	Variación anual	Sexo	Ambos sexos	Total Nacional	Total Nacional	Semiintervalos de edad	16 y más años	RELACIÓN CON LA ACTIVIDAD 	Ocupado/a	2022T2	4,52
Tipo de dato	Variación anual	Sexo	Ambos sexos	Total Nacional	Total Nacional	Semiintervalos de edad	16 y más años	RELACIÓN CON LA ACTIVIDAD 	Ocupado/a	2022T1	4,97
Tipo de dato	Variación anual	Sexo	Ambos sexos	Total Nacional	Total Nacional	Semiintervalos de edad	16 y más años	RELACIÓN CON LA ACTIVIDAD 	Ocupado/a	2021T4	4,81
Tipo de dato	Variación anual	Sexo	Ambos sexos	Total Nacional	Total Nacional	Semiintervalos de edad	16 y más años	RELACIÓN CON LA ACTIVIDAD 	Ocupado/a	2021T3	4,83
Tipo de dato	Variación anual	Sexo	Ambos sexos	Total Nacional	Total Nacional	Semiintervalos de edad	16 y más años	RELACIÓN CON LA ACTIVIDAD 	Ocupado/a	2021T2	5,96
Tipo de dato	Variación anual	Sexo	Ambos sexos	Total Nacional	Total Nacional	Semiintervalos de edad	16 y más años	RELACIÓN CON LA ACTIVIDAD 	Ocupado/a	2021T1	-2,24
Tipo de dato	Variación anual	Sexo	Ambos sexos	Total Nacional	Total Nacional	Semiintervalos de edad	16 y más años	RELACIÓN CON LA ACTIVIDAD 	Ocupado/a	2020T4	-3,12
Tipo de dato	Variación anual	Sexo	Ambos sexos	Total Nacional	Total Nacional	Semiintervalos de edad	16 y más años	RELACIÓN CON LA ACTIVIDAD 	Ocupado/a	2020T3	-3,51
Tipo de dato	Variación anual	Sexo	Ambos sexos	Total Nacional	Total Nacional	Semiintervalos de edad	16 y más años	RELACIÓN CON LA ACTIVIDAD 	Ocupado/a	2020T2	-6,05
Tipo de dato	Variación anual	Sexo	Ambos sexos	Total Nacional	Total Nacional	Semiintervalos de edad	16 y más años	RELACIÓN CON LA ACTIVIDAD 	Ocupado/a	2020T1	1,08
Tipo de dato	Variación anual	Sexo	Ambos sexos	Total Nacional	Total Nacional	Semiintervalos de edad	16 y más años	RELACIÓN CON LA ACTIVIDAD 	Ocupado/a	2019T4	2,06
Tipo de dato	Variación anual	Sexo	Ambos sexos	Total Nacional	Total Nacional	Semiintervalos de edad	16 y más años	RELACIÓN CON LA ACTIVIDAD 	Ocupado/a	2019T3	1,77
Tipo de dato	Variación anual	Sexo	Ambos sexos	Total Nacional	Total Nacional	Semiintervalos de edad	16 y más años	RELACIÓN CON LA ACTIVIDAD 	Ocupado/a	2019T2	2,38
Tipo de dato	Variación anual	Sexo	Ambos sexos	Total Nacional	Total Nacional	Semiintervalos de edad	16 y más años	RELACIÓN CON LA ACTIVIDAD 	Ocupado/a	2019T1	3,16
Tipo de dato	Variación anual	Sexo	Ambos sexos	Total Nacional	Total Nacional	Semiintervalos de edad	16 y más años	RELACIÓN CON LA ACTIVIDAD 	Ocupado/a	2018T4	2,98
Tipo de dato	Variación anual	Sexo	Ambos sexos	Total Nacional	Total Nacional	Semiintervalos de edad	16 y más años	RELACIÓN CON LA ACTIVIDAD 	Ocupado/a	2018T3	2,51
Tipo de dato	Variación anual	Sexo	Ambos sexos	Total Nacional	Total Nacional	Semiintervalos de edad	16 y más años	RELACIÓN CON LA ACTIVIDAD 	Ocupado/a	2018T2	2,82
Tipo de dato	Variación anual	Sexo	Ambos sexos	Total Nacional	Total Nacional	Semiintervalos de edad	16 y más años	RELACIÓN CON LA ACTIVIDAD 	Ocupado/a	2018T1	2,36
Tipo de dato	Variación anual	Sexo	Ambos sexos	Total Nacional	Total Nacional	Semiintervalos de edad	16 y más años	RELACIÓN CON LA ACTIVIDAD 	Ocupado/a	2017T4	2,65
Tipo de dato	Variación anual	Sexo	Ambos sexos	Total Nacional	Total Nacional	Semiintervalos de edad	16 y más años	RELACIÓN CON LA ACTIVIDAD 	Ocupado/a	2017T3	2,82
Tipo de dato	Variación anual	Sexo	Ambos sexos	Total Nacional	Total Nacional	Semiintervalos de edad	16 y más años	RELACIÓN CON LA ACTIVIDAD 	Ocupado/a	2017T2	2,80
Tipo de dato	Variación anual	Sexo	Ambos sexos	Total Nacional	Total Nacional	Semiintervalos de edad	16 y más años	RELACIÓN CON LA ACTIVIDAD 	Ocupado/a	2017T1	2,27
Tipo de dato	Variación anual	Sexo	Ambos sexos	Total Nacional	Total Nacional	Semiintervalos de edad	16 y más años	RELACIÓN CON LA ACTIVIDAD 	Ocupado/a	2016T4	2,29
Tipo de dato	Variación anual	Sexo	Ambos sexos	Total Nacional	Total Nacional	Semiintervalos de edad	16 y más años	RELACIÓN CON LA ACTIVIDAD 	Ocupado/a	2016T3	2,65
Tipo de dato	Variación anual	Sexo	Ambos sexos	Total Nacional	Total Nacional	Semiintervalos de edad	16 y más años	RELACIÓN CON LA ACTIVIDAD 	Ocupado/a	2016T2	2,43
Tipo de dato	Variación anual	Sexo	Ambos sexos	Total Nacional	Total Nacional	Semiintervalos de edad	16 y más años	RELACIÓN CON LA ACTIVIDAD 	Ocupado/a	2016T1	3,29
Tipo de dato	Variación anual	Sexo	Ambos sexos	Total Nacional	Total Nacional	Semiintervalos de edad	16 y más años	RELACIÓN CON LA ACTIVIDAD 	Ocupado/a	2015T4	2,99
Tipo de dato	Variación anual	Sexo	Ambos sexos	Total Nacional	Total Nacional	Semiintervalos de edad	16 y más años	RELACIÓN CON LA ACTIVIDAD 	Ocupado/a	2015T3	3,11
Tipo de dato	Variación anual	Sexo	Ambos sexos	Total Nacional	Total Nacional	Semiintervalos de edad	16 y más años	RELACIÓN CON LA ACTIVIDAD 	Ocupado/a	2015T2	2,96
Tipo de dato	Variación anual	Sexo	Ambos sexos	Total Nacional	Total Nacional	Semiintervalos de edad	16 y más años	RELACIÓN CON LA ACTIVIDAD 	Ocupado/a	2015T1	2,97
Tipo de dato	Variación anual	Sexo	Ambos sexos	Total Nacional	Total Nacional	Semiintervalos de edad	16 y más años	RELACIÓN CON LA ACTIVIDAD 	Ocupado/a	2014T4	2,53
Tipo de dato	Variación anual	Sexo	Ambos sexos	Total Nacional	Total Nacional	Semiintervalos de edad	16 y más años	RELACIÓN CON LA ACTIVIDAD 	Ocupado/a	2014T3	1,59
Tipo de dato	Variación anual	Sexo	Ambos sexos	Total Nacional	Total Nacional	Semiintervalos de edad	16 y más años	RELACIÓN CON LA ACTIVIDAD 	Ocupado/a	2014T2	1,12
Tipo de dato	Variación anual	Sexo	Ambos sexos	Total Nacional	Total Nacional	Semiintervalos de edad	16 y más años	RELACIÓN CON LA ACTIVIDAD 	Ocupado/a	2014T1	-0,47
Tipo de dato	Variación anual	Sexo	Ambos sexos	Total Nacional	Total Nacional	Semiintervalos de edad	16 y más años	RELACIÓN CON LA ACTIVIDAD 	Ocupado/a	2013T4	-1,18
Tipo de dato	Variación anual	Sexo	Ambos sexos	Total Nacional	Total Nacional	Semiintervalos de edad	16 y más años	RELACIÓN CON LA ACTIVIDAD 	Ocupado/a	2013T3	-2,48
Tipo de dato	Variación anual	Sexo	Ambos sexos	Total Nacional	Total Nacional	Semiintervalos de edad	16 y más años	RELACIÓN CON LA ACTIVIDAD 	Ocupado/a	2013T2	-3,37
Tipo de dato	Variación anual	Sexo	Ambos sexos	Total Nacional	Total Nacional	Semiintervalos de edad	16 y más años	RELACIÓN CON LA ACTIVIDAD 	Ocupado/a	2013T1	-4,14
Tipo de dato	Personas	Sexo	Ambos sexos	Total Nacional	Total Nacional	Semiintervalos de edad	16 y más años	RELACIÓN CON LA ACTIVIDAD 	Parados	2024T3	2.754,1
Tipo de dato	Personas	Sexo	Ambos sexos	Total Nacional	Total Nacional	Semiintervalos de edad	16 y más años	RELACIÓN CON LA ACTIVIDAD 	Parados	2024T2	2.755,3
Tipo de dato	Personas	Sexo	Ambos sexos	Total Nacional	Total Nacional	Semiintervalos de edad	16 y más años	RELACIÓN CON LA ACTIVIDAD 	Parados	2024T1	2.977,9
Tipo de dato	Personas	Sexo	Ambos sexos	Total Nacional	Total Nacional	Semiintervalos de edad	16 y más años	RELACIÓN CON LA ACTIVIDAD 	Parados	2023T4	2.860,8
Tipo de dato	Personas	Sexo	Ambos sexos	Total Nacional	Total Nacional	Semiintervalos de edad	16 y más años	RELACIÓN CON LA ACTIVIDAD 	Parados	2023T3	2.894,5
Tipo de dato	Personas	Sexo	Ambos sexos	Total Nacional	Total Nacional	Semiintervalos de edad	16 y más años	RELACIÓN CON LA ACTIVIDAD 	Parados	2023T2	2.808,2
Tipo de dato	Personas	Sexo	Ambos sexos	Total Nacional	Total Nacional	Semiintervalos de edad	16 y más años	RELACIÓN CON LA ACTIVIDAD 	Parados	2023T1	3.186,3
Tipo de dato	Personas	Sexo	Ambos sexos	Total Nacional	Total Nacional	Semiintervalos de edad	16 y más años	RELACIÓN CON LA ACTIVIDAD 	Parados	2022T4	3.081,6
Tipo de dato	Personas	Sexo	Ambos sexos	Total Nacional	Total Nacional	Semiintervalos de edad	16 y más años	RELACIÓN CON LA ACTIVIDAD 	Parados	2022T3	3.025,8
Tipo de dato	Personas	Sexo	Ambos sexos	Total Nacional	Total Nacional	Semiintervalos de edad	16 y más años	RELACIÓN CON LA ACTIVIDAD 	Parados	2022T2	2.994,7
Tipo de dato	Personas	Sexo	Ambos sexos	Total Nacional	Total Nacional	Semiintervalos de edad	16 y más años	RELACIÓN CON LA ACTIVIDAD 	Parados	2022T1	3.214,7
Tipo de dato	Personas	Sexo	Ambos sexos	Total Nacional	Total Nacional	Semiintervalos de edad	16 y más años	RELACIÓN CON LA ACTIVIDAD 	Parados	2021T4	3.148,7
Tipo de dato	Personas	Sexo	Ambos sexos	Total Nacional	Total Nacional	Semiintervalos de edad	16 y más años	RELACIÓN CON LA ACTIVIDAD 	Parados	2021T3	3.467,4
Tipo de dato	Personas	Sexo	Ambos sexos	Total Nacional	Total Nacional	Semiintervalos de edad	16 y más años	RELACIÓN CON LA ACTIVIDAD 	Parados	2021T2	3.586,4
Tipo de dato	Personas	Sexo	Ambos sexos	Total Nacional	Total Nacional	Semiintervalos de edad	16 y más años	RELACIÓN CON LA ACTIVIDAD 	Parados	2021T1	3.703,3
Tipo de dato	Personas	Sexo	Ambos sexos	Total Nacional	Total Nacional	Semiintervalos de edad	16 y más años	RELACIÓN CON LA ACTIVIDAD 	Parados	2020T4	3.719,8
Tipo de dato	Personas	Sexo	Ambos sexos	Total Nacional	Total Nacional	Semiintervalos de edad	16 y más años	RELACIÓN CON LA ACTIVIDAD 	Parados	2020T3	3.722,9
Tipo de dato	Personas	Sexo	Ambos sexos	Total Nacional	Total Nacional	Semiintervalos de edad	16 y más años	RELACIÓN CON LA ACTIVIDAD 	Parados	2020T2	3.368,0
Tipo de dato	Personas	Sexo	Ambos sexos	Total Nacional	Total Nacional	Semiintervalos de edad	16 y más años	RELACIÓN CON LA ACTIVIDAD 	Parados	2020T1	3.313,0
Tipo de dato	Personas	Sexo	Ambos sexos	Total Nacional	Total Nacional	Semiintervalos de edad	16 y más años	RELACIÓN CON LA ACTIVIDAD 	Parados	2019T4	3.191,9
Tipo de dato	Personas	Sexo	Ambos sexos	Total Nacional	Total Nacional	Semiintervalos de edad	16 y más años	RELACIÓN CON LA ACTIVIDAD 	Parados	2019T3	3.214,4
Tipo de dato	Personas	Sexo	Ambos sexos	Total Nacional	Total Nacional	Semiintervalos de edad	16 y más años	RELACIÓN CON LA ACTIVIDAD 	Parados	2019T2	3.230,6
Tipo de dato	Personas	Sexo	Ambos sexos	Total Nacional	Total Nacional	Semiintervalos de edad	16 y más años	RELACIÓN CON LA ACTIVIDAD 	Parados	2019T1	3.354,2
Tipo de dato	Personas	Sexo	Ambos sexos	Total Nacional	Total Nacional	Semiintervalos de edad	16 y más años	RELACIÓN CON LA ACTIVIDAD 	Parados	2018T4	3.304,3
Tipo de dato	Personas	Sexo	Ambos sexos	Total Nacional	Total Nacional	Semiintervalos de edad	16 y más años	RELACIÓN CON LA ACTIVIDAD 	Parados	2018T3	3.326,0
Tipo de dato	Personas	Sexo	Ambos sexos	Total Nacional	Total Nacional	Semiintervalos de edad	16 y más años	RELACIÓN CON LA ACTIVIDAD 	Parados	2018T2	3.490,1
Tipo de dato	Personas	Sexo	Ambos sexos	Total Nacional	Total Nacional	Semiintervalos de edad	16 y más años	RELACIÓN CON LA ACTIVIDAD 	Parados	2018T1	3.796,1
Tipo de dato	Personas	Sexo	Ambos sexos	Total Nacional	Total Nacional	Semiintervalos de edad	16 y más años	RELACIÓN CON LA ACTIVIDAD 	Parados	2017T4	3.766,7
Tipo de dato	Personas	Sexo	Ambos sexos	Total Nacional	Total Nacional	Semiintervalos de edad	16 y más años	RELACIÓN CON LA ACTIVIDAD 	Parados	2017T3	3.731,7
Tipo de dato	Personas	Sexo	Ambos sexos	Total Nacional	Total Nacional	Semiintervalos de edad	16 y más años	RELACIÓN CON LA ACTIVIDAD 	Parados	2017T2	3.914,3
Tipo de dato	Personas	Sexo	Ambos sexos	Total Nacional	Total Nacional	Semiintervalos de edad	16 y más años	RELACIÓN CON LA ACTIVIDAD 	Parados	2017T1	4.255,0
Tipo de dato	Personas	Sexo	Ambos sexos	Total Nacional	Total Nacional	Semiintervalos de edad	16 y más años	RELACIÓN CON LA ACTIVIDAD 	Parados	2016T4	4.237,8
Tipo de dato	Personas	Sexo	Ambos sexos	Total Nacional	Total Nacional	Semiintervalos de edad	16 y más años	RELACIÓN CON LA ACTIVIDAD 	Parados	2016T3	4.320,8
Tipo de dato	Personas	Sexo	Ambos sexos	Total Nacional	Total Nacional	Semiintervalos de edad	16 y más años	RELACIÓN CON LA ACTIVIDAD 	Parados	2016T2	4.574,7
Tipo de dato	Personas	Sexo	Ambos sexos	Total Nacional	Total Nacional	Semiintervalos de edad	16 y más años	RELACIÓN CON LA ACTIVIDAD 	Parados	2016T1	4.791,4
Tipo de dato	Personas	Sexo	Ambos sexos	Total Nacional	Total Nacional	Semiintervalos de edad	16 y más años	RELACIÓN CON LA ACTIVIDAD 	Parados	2015T4	4.779,5
Tipo de dato	Personas	Sexo	Ambos sexos	Total Nacional	Total Nacional	Semiintervalos de edad	16 y más años	RELACIÓN CON LA ACTIVIDAD 	Parados	2015T3	4.850,8
Tipo de dato	Personas	Sexo	Ambos sexos	Total Nacional	Total Nacional	Semiintervalos de edad	16 y más años	RELACIÓN CON LA ACTIVIDAD 	Parados	2015T2	5.149,0
Tipo de dato	Personas	Sexo	Ambos sexos	Total Nacional	Total Nacional	Semiintervalos de edad	16 y más años	RELACIÓN CON LA ACTIVIDAD 	Parados	2015T1	5.444,6
Tipo de dato	Personas	Sexo	Ambos sexos	Total Nacional	Total Nacional	Semiintervalos de edad	16 y más años	RELACIÓN CON LA ACTIVIDAD 	Parados	2014T4	5.457,7
Tipo de dato	Personas	Sexo	Ambos sexos	Total Nacional	Total Nacional	Semiintervalos de edad	16 y más años	RELACIÓN CON LA ACTIVIDAD 	Parados	2014T3	5.427,7
Tipo de dato	Personas	Sexo	Ambos sexos	Total Nacional	Total Nacional	Semiintervalos de edad	16 y más años	RELACIÓN CON LA ACTIVIDAD 	Parados	2014T2	5.622,9
Tipo de dato	Personas	Sexo	Ambos sexos	Total Nacional	Total Nacional	Semiintervalos de edad	16 y más años	RELACIÓN CON LA ACTIVIDAD 	Parados	2014T1	5.933,3
Tipo de dato	Personas	Sexo	Ambos sexos	Total Nacional	Total Nacional	Semiintervalos de edad	16 y más años	RELACIÓN CON LA ACTIVIDAD 	Parados	2013T4	5.935,6
Tipo de dato	Personas	Sexo	Ambos sexos	Total Nacional	Total Nacional	Semiintervalos de edad	16 y más años	RELACIÓN CON LA ACTIVIDAD 	Parados	2013T3	5.943,4
Tipo de dato	Personas	Sexo	Ambos sexos	Total Nacional	Total Nacional	Semiintervalos de edad	16 y más años	RELACIÓN CON LA ACTIVIDAD 	Parados	2013T2	6.047,3
Tipo de dato	Personas	Sexo	Ambos sexos	Total Nacional	Total Nacional	Semiintervalos de edad	16 y más años	RELACIÓN CON LA ACTIVIDAD 	Parados	2013T1	6.278,2
Tipo de dato	Personas	Sexo	Ambos sexos	Total Nacional	Total Nacional	Semiintervalos de edad	16 y más años	RELACIÓN CON LA ACTIVIDAD 	Parados	2012T4	6.021,0
Tipo de dato	Personas	Sexo	Ambos sexos	Total Nacional	Total Nacional	Semiintervalos de edad	16 y más años	RELACIÓN CON LA ACTIVIDAD 	Parados	2012T3	5.824,2
Tipo de dato	Personas	Sexo	Ambos sexos	Total Nacional	Total Nacional	Semiintervalos de edad	16 y más años	RELACIÓN CON LA ACTIVIDAD 	Parados	2012T2	5.731,0
Tipo de dato	Personas	Sexo	Ambos sexos	Total Nacional	Total Nacional	Semiintervalos de edad	16 y más años	RELACIÓN CON LA ACTIVIDAD 	Parados	2012T1	5.667,9
Tipo de dato	Personas	Sexo	Ambos sexos	Total Nacional	Total Nacional	Semiintervalos de edad	16 y más años	RELACIÓN CON LA ACTIVIDAD 	Parados	2011T4	5.287,3
Tipo de dato	Personas	Sexo	Ambos sexos	Total Nacional	Total Nacional	Semiintervalos de edad	16 y más años	RELACIÓN CON LA ACTIVIDAD 	Parados	2011T3	4.998,0
Tipo de dato	Personas	Sexo	Ambos sexos	Total Nacional	Total Nacional	Semiintervalos de edad	16 y más años	RELACIÓN CON LA ACTIVIDAD 	Parados	2011T2	4.844,2
Tipo de dato	Personas	Sexo	Ambos sexos	Total Nacional	Total Nacional	Semiintervalos de edad	16 y más años	RELACIÓN CON LA ACTIVIDAD 	Parados	2011T1	4.921,2
Tipo de dato	Personas	Sexo	Ambos sexos	Total Nacional	Total Nacional	Semiintervalos de edad	16 y más años	RELACIÓN CON LA ACTIVIDAD 	Parados	2010T4	4.702,2
Tipo de dato	Personas	Sexo	Ambos sexos	Total Nacional	Total Nacional	Semiintervalos de edad	16 y más años	RELACIÓN CON LA ACTIVIDAD 	Parados	2010T3	4.585,4
Tipo de dato	Personas	Sexo	Ambos sexos	Total Nacional	Total Nacional	Semiintervalos de edad	16 y más años	RELACIÓN CON LA ACTIVIDAD 	Parados	2010T2	4.655,3
Tipo de dato	Personas	Sexo	Ambos sexos	Total Nacional	Total Nacional	Semiintervalos de edad	16 y más años	RELACIÓN CON LA ACTIVIDAD 	Parados	2010T1	4.617,7
Tipo de dato	Personas	Sexo	Ambos sexos	Total Nacional	Total Nacional	Semiintervalos de edad	16 y más años	RELACIÓN CON LA ACTIVIDAD 	Parados	2009T4	4.335,0
Tipo de dato	Personas	Sexo	Ambos sexos	Total Nacional	Total Nacional	Semiintervalos de edad	16 y más años	RELACIÓN CON LA ACTIVIDAD 	Parados	2009T3	4.121,4
Tipo de dato	Personas	Sexo	Ambos sexos	Total Nacional	Total Nacional	Semiintervalos de edad	16 y más años	RELACIÓN CON LA ACTIVIDAD 	Parados	2009T2	4.139,6
Tipo de dato	Personas	Sexo	Ambos sexos	Total Nacional	Total Nacional	Semiintervalos de edad	16 y más años	RELACIÓN CON LA ACTIVIDAD 	Parados	2009T1	4.018,2
Tipo de dato	Personas	Sexo	Ambos sexos	Total Nacional	Total Nacional	Semiintervalos de edad	16 y más años	RELACIÓN CON LA ACTIVIDAD 	Parados	2008T4	3.206,8
Tipo de dato	Personas	Sexo	Ambos sexos	Total Nacional	Total Nacional	Semiintervalos de edad	16 y más años	RELACIÓN CON LA ACTIVIDAD 	Parados	2008T3	2.600,7
Tipo de dato	Personas	Sexo	Ambos sexos	Total Nacional	Total Nacional	Semiintervalos de edad	16 y más años	RELACIÓN CON LA ACTIVIDAD 	Parados	2008T2	2.385,7
Tipo de dato	Personas	Sexo	Ambos sexos	Total Nacional	Total Nacional	Semiintervalos de edad	16 y más años	RELACIÓN CON LA ACTIVIDAD 	Parados	2008T1	2.190,5
Tipo de dato	Personas	Sexo	Ambos sexos	Total Nacional	Total Nacional	Semiintervalos de edad	16 y más años	RELACIÓN CON LA ACTIVIDAD 	Parados	2007T4	1.942,0
Tipo de dato	Personas	Sexo	Ambos sexos	Total Nacional	Total Nacional	Semiintervalos de edad	16 y más años	RELACIÓN CON LA ACTIVIDAD 	Parados	2007T3	1.806,2
Tipo de dato	Personas	Sexo	Ambos sexos	Total Nacional	Total Nacional	Semiintervalos de edad	16 y más años	RELACIÓN CON LA ACTIVIDAD 	Parados	2007T2	1.773,2
Tipo de dato	Personas	Sexo	Ambos sexos	Total Nacional	Total Nacional	Semiintervalos de edad	16 y más años	RELACIÓN CON LA ACTIVIDAD 	Parados	2007T1	1.863,2
Tipo de dato	Personas	Sexo	Ambos sexos	Total Nacional	Total Nacional	Semiintervalos de edad	16 y más años	RELACIÓN CON LA ACTIVIDAD 	Parados	2006T4	1.819,4
Tipo de dato	Personas	Sexo	Ambos sexos	Total Nacional	Total Nacional	Semiintervalos de edad	16 y más años	RELACIÓN CON LA ACTIVIDAD 	Parados	2006T3	1.766,9
Tipo de dato	Personas	Sexo	Ambos sexos	Total Nacional	Total Nacional	Semiintervalos de edad	16 y más años	RELACIÓN CON LA ACTIVIDAD 	Parados	2006T2	1.834,4
Tipo de dato	Personas	Sexo	Ambos sexos	Total Nacional	Total Nacional	Semiintervalos de edad	16 y más años	RELACIÓN CON LA ACTIVIDAD 	Parados	2006T1	1.942,8
Tipo de dato	Personas	Sexo	Ambos sexos	Total Nacional	Total Nacional	Semiintervalos de edad	16 y más años	RELACIÓN CON LA ACTIVIDAD 	Parados	2005T4	1.860,3
Tipo de dato	Personas	Sexo	Ambos sexos	Total Nacional	Total Nacional	Semiintervalos de edad	16 y más años	RELACIÓN CON LA ACTIVIDAD 	Parados	2005T3	1.783,5
Tipo de dato	Personas	Sexo	Ambos sexos	Total Nacional	Total Nacional	Semiintervalos de edad	16 y más años	RELACIÓN CON LA ACTIVIDAD 	Parados	2005T2	1.969,1
Tipo de dato	Personas	Sexo	Ambos sexos	Total Nacional	Total Nacional	Semiintervalos de edad	16 y más años	RELACIÓN CON LA ACTIVIDAD 	Parados	2005T1	2.121,3
Tipo de dato	Personas	Sexo	Ambos sexos	Total Nacional	Total Nacional	Semiintervalos de edad	16 y más años	RELACIÓN CON LA ACTIVIDAD 	Parados	2004T4	2.176,9
Tipo de dato	Personas	Sexo	Ambos sexos	Total Nacional	Total Nacional	Semiintervalos de edad	16 y más años	RELACIÓN CON LA ACTIVIDAD 	Parados	2004T3	2.199,8
Tipo de dato	Personas	Sexo	Ambos sexos	Total Nacional	Total Nacional	Semiintervalos de edad	16 y más años	RELACIÓN CON LA ACTIVIDAD 	Parados	2004T2	2.247,6
Tipo de dato	Personas	Sexo	Ambos sexos	Total Nacional	Total Nacional	Semiintervalos de edad	16 y más años	RELACIÓN CON LA ACTIVIDAD 	Parados	2004T1	2.309,8
Tipo de dato	Personas	Sexo	Ambos sexos	Total Nacional	Total Nacional	Semiintervalos de edad	16 y más años	RELACIÓN CON LA ACTIVIDAD 	Parados	2003T4	2.276,7
Tipo de dato	Personas	Sexo	Ambos sexos	Total Nacional	Total Nacional	Semiintervalos de edad	16 y más años	RELACIÓN CON LA ACTIVIDAD 	Parados	2003T3	2.247,5
Tipo de dato	Personas	Sexo	Ambos sexos	Total Nacional	Total Nacional	Semiintervalos de edad	16 y más años	RELACIÓN CON LA ACTIVIDAD 	Parados	2003T2	2.216,0
Tipo de dato	Personas	Sexo	Ambos sexos	Total Nacional	Total Nacional	Semiintervalos de edad	16 y más años	RELACIÓN CON LA ACTIVIDAD 	Parados	2003T1	2.328,5
Tipo de dato	Personas	Sexo	Ambos sexos	Total Nacional	Total Nacional	Semiintervalos de edad	16 y más años	RELACIÓN CON LA ACTIVIDAD 	Parados	2002T4	2.232,4
Tipo de dato	Personas	Sexo	Ambos sexos	Total Nacional	Total Nacional	Semiintervalos de edad	16 y más años	RELACIÓN CON LA ACTIVIDAD 	Parados	2002T3	2.196,0
Tipo de dato	Personas	Sexo	Ambos sexos	Total Nacional	Total Nacional	Semiintervalos de edad	16 y más años	RELACIÓN CON LA ACTIVIDAD 	Parados	2002T2	2.103,3
Tipo de dato	Personas	Sexo	Ambos sexos	Total Nacional	Total Nacional	Semiintervalos de edad	16 y más años	RELACIÓN CON LA ACTIVIDAD 	Parados	2002T1	2.152,8
Tipo de dato	Variación anual	Sexo	Ambos sexos	Total Nacional	Total Nacional	Semiintervalos de edad	16 y más años	RELACIÓN CON LA ACTIVIDAD 	Parados	2024T3	-4,85
Tipo de dato	Variación anual	Sexo	Ambos sexos	Total Nacional	Total Nacional	Semiintervalos de edad	16 y más años	RELACIÓN CON LA ACTIVIDAD 	Parados	2024T2	-1,88
Tipo de dato	Variación anual	Sexo	Ambos sexos	Total Nacional	Total Nacional	Semiintervalos de edad	16 y más años	RELACIÓN CON LA ACTIVIDAD 	Parados	2024T1	-6,54
Tipo de dato	Variación anual	Sexo	Ambos sexos	Total Nacional	Total Nacional	Semiintervalos de edad	16 y más años	RELACIÓN CON LA ACTIVIDAD 	Parados	2023T4	-7,16
Tipo de dato	Variación anual	Sexo	Ambos sexos	Total Nacional	Total Nacional	Semiintervalos de edad	16 y más años	RELACIÓN CON LA ACTIVIDAD 	Parados	2023T3	-4,34
Tipo de dato	Variación anual	Sexo	Ambos sexos	Total Nacional	Total Nacional	Semiintervalos de edad	16 y más años	RELACIÓN CON LA ACTIVIDAD 	Parados	2023T2	-6,23
Tipo de dato	Variación anual	Sexo	Ambos sexos	Total Nacional	Total Nacional	Semiintervalos de edad	16 y más años	RELACIÓN CON LA ACTIVIDAD 	Parados	2023T1	-0,88
Tipo de dato	Variación anual	Sexo	Ambos sexos	Total Nacional	Total Nacional	Semiintervalos de edad	16 y más años	RELACIÓN CON LA ACTIVIDAD 	Parados	2022T4	-2,13
Tipo de dato	Variación anual	Sexo	Ambos sexos	Total Nacional	Total Nacional	Semiintervalos de edad	16 y más años	RELACIÓN CON LA ACTIVIDAD 	Parados	2022T3	-12,73
Tipo de dato	Variación anual	Sexo	Ambos sexos	Total Nacional	Total Nacional	Semiintervalos de edad	16 y más años	RELACIÓN CON LA ACTIVIDAD 	Parados	2022T2	-16,50
Tipo de dato	Variación anual	Sexo	Ambos sexos	Total Nacional	Total Nacional	Semiintervalos de edad	16 y más años	RELACIÓN CON LA ACTIVIDAD 	Parados	2022T1	-13,19
Tipo de dato	Variación anual	Sexo	Ambos sexos	Total Nacional	Total Nacional	Semiintervalos de edad	16 y más años	RELACIÓN CON LA ACTIVIDAD 	Parados	2021T4	-15,35
Tipo de dato	Variación anual	Sexo	Ambos sexos	Total Nacional	Total Nacional	Semiintervalos de edad	16 y más años	RELACIÓN CON LA ACTIVIDAD 	Parados	2021T3	-6,86
Tipo de dato	Variación anual	Sexo	Ambos sexos	Total Nacional	Total Nacional	Semiintervalos de edad	16 y más años	RELACIÓN CON LA ACTIVIDAD 	Parados	2021T2	6,48
Tipo de dato	Variación anual	Sexo	Ambos sexos	Total Nacional	Total Nacional	Semiintervalos de edad	16 y más años	RELACIÓN CON LA ACTIVIDAD 	Parados	2021T1	11,78
Tipo de dato	Variación anual	Sexo	Ambos sexos	Total Nacional	Total Nacional	Semiintervalos de edad	16 y más años	RELACIÓN CON LA ACTIVIDAD 	Parados	2020T4	16,54
Tipo de dato	Variación anual	Sexo	Ambos sexos	Total Nacional	Total Nacional	Semiintervalos de edad	16 y más años	RELACIÓN CON LA ACTIVIDAD 	Parados	2020T3	15,82
Tipo de dato	Variación anual	Sexo	Ambos sexos	Total Nacional	Total Nacional	Semiintervalos de edad	16 y más años	RELACIÓN CON LA ACTIVIDAD 	Parados	2020T2	4,25
Tipo de dato	Variación anual	Sexo	Ambos sexos	Total Nacional	Total Nacional	Semiintervalos de edad	16 y más años	RELACIÓN CON LA ACTIVIDAD 	Parados	2020T1	-1,23
Tipo de dato	Variación anual	Sexo	Ambos sexos	Total Nacional	Total Nacional	Semiintervalos de edad	16 y más años	RELACIÓN CON LA ACTIVIDAD 	Parados	2019T4	-3,40
Tipo de dato	Variación anual	Sexo	Ambos sexos	Total Nacional	Total Nacional	Semiintervalos de edad	16 y más años	RELACIÓN CON LA ACTIVIDAD 	Parados	2019T3	-3,36
Tipo de dato	Variación anual	Sexo	Ambos sexos	Total Nacional	Total Nacional	Semiintervalos de edad	16 y más años	RELACIÓN CON LA ACTIVIDAD 	Parados	2019T2	-7,43
Tipo de dato	Variación anual	Sexo	Ambos sexos	Total Nacional	Total Nacional	Semiintervalos de edad	16 y más años	RELACIÓN CON LA ACTIVIDAD 	Parados	2019T1	-11,64
Tipo de dato	Variación anual	Sexo	Ambos sexos	Total Nacional	Total Nacional	Semiintervalos de edad	16 y más años	RELACIÓN CON LA ACTIVIDAD 	Parados	2018T4	-12,28
Tipo de dato	Variación anual	Sexo	Ambos sexos	Total Nacional	Total Nacional	Semiintervalos de edad	16 y más años	RELACIÓN CON LA ACTIVIDAD 	Parados	2018T3	-10,87
Tipo de dato	Variación anual	Sexo	Ambos sexos	Total Nacional	Total Nacional	Semiintervalos de edad	16 y más años	RELACIÓN CON LA ACTIVIDAD 	Parados	2018T2	-10,84
Tipo de dato	Variación anual	Sexo	Ambos sexos	Total Nacional	Total Nacional	Semiintervalos de edad	16 y más años	RELACIÓN CON LA ACTIVIDAD 	Parados	2018T1	-10,79
Tipo de dato	Variación anual	Sexo	Ambos sexos	Total Nacional	Total Nacional	Semiintervalos de edad	16 y más años	RELACIÓN CON LA ACTIVIDAD 	Parados	2017T4	-11,12
Tipo de dato	Variación anual	Sexo	Ambos sexos	Total Nacional	Total Nacional	Semiintervalos de edad	16 y más años	RELACIÓN CON LA ACTIVIDAD 	Parados	2017T3	-13,63
Tipo de dato	Variación anual	Sexo	Ambos sexos	Total Nacional	Total Nacional	Semiintervalos de edad	16 y más años	RELACIÓN CON LA ACTIVIDAD 	Parados	2017T2	-14,44
Tipo de dato	Variación anual	Sexo	Ambos sexos	Total Nacional	Total Nacional	Semiintervalos de edad	16 y más años	RELACIÓN CON LA ACTIVIDAD 	Parados	2017T1	-11,19
Tipo de dato	Variación anual	Sexo	Ambos sexos	Total Nacional	Total Nacional	Semiintervalos de edad	16 y más años	RELACIÓN CON LA ACTIVIDAD 	Parados	2016T4	-11,33
Tipo de dato	Variación anual	Sexo	Ambos sexos	Total Nacional	Total Nacional	Semiintervalos de edad	16 y más años	RELACIÓN CON LA ACTIVIDAD 	Parados	2016T3	-10,93
Tipo de dato	Variación anual	Sexo	Ambos sexos	Total Nacional	Total Nacional	Semiintervalos de edad	16 y más años	RELACIÓN CON LA ACTIVIDAD 	Parados	2016T2	-11,15
Tipo de dato	Variación anual	Sexo	Ambos sexos	Total Nacional	Total Nacional	Semiintervalos de edad	16 y más años	RELACIÓN CON LA ACTIVIDAD 	Parados	2016T1	-12,00
Tipo de dato	Variación anual	Sexo	Ambos sexos	Total Nacional	Total Nacional	Semiintervalos de edad	16 y más años	RELACIÓN CON LA ACTIVIDAD 	Parados	2015T4	-12,43
Tipo de dato	Variación anual	Sexo	Ambos sexos	Total Nacional	Total Nacional	Semiintervalos de edad	16 y más años	RELACIÓN CON LA ACTIVIDAD 	Parados	2015T3	-10,63
Tipo de dato	Variación anual	Sexo	Ambos sexos	Total Nacional	Total Nacional	Semiintervalos de edad	16 y más años	RELACIÓN CON LA ACTIVIDAD 	Parados	2015T2	-8,43
Tipo de dato	Variación anual	Sexo	Ambos sexos	Total Nacional	Total Nacional	Semiintervalos de edad	16 y más años	RELACIÓN CON LA ACTIVIDAD 	Parados	2015T1	-8,24
Tipo de dato	Variación anual	Sexo	Ambos sexos	Total Nacional	Total Nacional	Semiintervalos de edad	16 y más años	RELACIÓN CON LA ACTIVIDAD 	Parados	2014T4	-8,05
Tipo de dato	Variación anual	Sexo	Ambos sexos	Total Nacional	Total Nacional	Semiintervalos de edad	16 y más años	RELACIÓN CON LA ACTIVIDAD 	Parados	2014T3	-8,68
Tipo de dato	Variación anual	Sexo	Ambos sexos	Total Nacional	Total Nacional	Semiintervalos de edad	16 y más años	RELACIÓN CON LA ACTIVIDAD 	Parados	2014T2	-7,02
Tipo de dato	Variación anual	Sexo	Ambos sexos	Total Nacional	Total Nacional	Semiintervalos de edad	16 y más años	RELACIÓN CON LA ACTIVIDAD 	Parados	2014T1	-5,49
Tipo de dato	Variación anual	Sexo	Ambos sexos	Total Nacional	Total Nacional	Semiintervalos de edad	16 y más años	RELACIÓN CON LA ACTIVIDAD 	Parados	2013T4	-1,42
Tipo de dato	Variación anual	Sexo	Ambos sexos	Total Nacional	Total Nacional	Semiintervalos de edad	16 y más años	RELACIÓN CON LA ACTIVIDAD 	Parados	2013T3	2,05
Tipo de dato	Variación anual	Sexo	Ambos sexos	Total Nacional	Total Nacional	Semiintervalos de edad	16 y más años	RELACIÓN CON LA ACTIVIDAD 	Parados	2013T2	5,52
Tipo de dato	Variación anual	Sexo	Ambos sexos	Total Nacional	Total Nacional	Semiintervalos de edad	16 y más años	RELACIÓN CON LA ACTIVIDAD 	Parados	2013T1	10,77
Tipo de dato	Tasa de actividad	Sexo	Ambos sexos	Total Nacional	Total Nacional	Semiintervalos de edad	16 y más años			2024T3	59,04
Tipo de dato	Tasa de actividad	Sexo	Ambos sexos	Total Nacional	Total Nacional	Semiintervalos de edad	16 y más años			2024T2	58,90
Tipo de dato	Tasa de actividad	Sexo	Ambos sexos	Total Nacional	Total Nacional	Semiintervalos de edad	16 y más años			2024T1	58,63
Tipo de dato	Tasa de actividad	Sexo	Ambos sexos	Total Nacional	Total Nacional	Semiintervalos de edad	16 y más años			2023T4	58,83
Tipo de dato	Tasa de actividad	Sexo	Ambos sexos	Total Nacional	Total Nacional	Semiintervalos de edad	16 y más años			2023T3	59,29
Tipo de dato	Tasa de actividad	Sexo	Ambos sexos	Total Nacional	Total Nacional	Semiintervalos de edad	16 y más años			2023T2	58,85
Tipo de dato	Tasa de actividad	Sexo	Ambos sexos	Total Nacional	Total Nacional	Semiintervalos de edad	16 y más años			2023T1	58,44
Tipo de dato	Tasa de actividad	Sexo	Ambos sexos	Total Nacional	Total Nacional	Semiintervalos de edad	16 y más años			2022T4	58,40
Tipo de dato	Tasa de actividad	Sexo	Ambos sexos	Total Nacional	Total Nacional	Semiintervalos de edad	16 y más años			2022T3	58,76
Tipo de dato	Tasa de actividad	Sexo	Ambos sexos	Total Nacional	Total Nacional	Semiintervalos de edad	16 y más años			2022T2	58,60
Tipo de dato	Tasa de actividad	Sexo	Ambos sexos	Total Nacional	Total Nacional	Semiintervalos de edad	16 y más años			2022T1	58,36
Tipo de dato	Tasa de actividad	Sexo	Ambos sexos	Total Nacional	Total Nacional	Semiintervalos de edad	16 y más años			2021T4	58,53
Tipo de dato	Tasa de actividad	Sexo	Ambos sexos	Total Nacional	Total Nacional	Semiintervalos de edad	16 y más años			2021T3	59,01
Tipo de dato	Tasa de actividad	Sexo	Ambos sexos	Total Nacional	Total Nacional	Semiintervalos de edad	16 y más años			2021T2	58,42
Tipo de dato	Tasa de actividad	Sexo	Ambos sexos	Total Nacional	Total Nacional	Semiintervalos de edad	16 y más años			2021T1	57,56
Tipo de dato	Tasa de actividad	Sexo	Ambos sexos	Total Nacional	Total Nacional	Semiintervalos de edad	16 y más años			2020T4	58,19
Tipo de dato	Tasa de actividad	Sexo	Ambos sexos	Total Nacional	Total Nacional	Semiintervalos de edad	16 y más años			2020T3	57,83
Tipo de dato	Tasa de actividad	Sexo	Ambos sexos	Total Nacional	Total Nacional	Semiintervalos de edad	16 y más años			2020T2	55,54
Tipo de dato	Tasa de actividad	Sexo	Ambos sexos	Total Nacional	Total Nacional	Semiintervalos de edad	16 y más años			2020T1	58,18
Tipo de dato	Tasa de actividad	Sexo	Ambos sexos	Total Nacional	Total Nacional	Semiintervalos de edad	16 y más años			2019T4	58,74
Tipo de dato	Tasa de actividad	Sexo	Ambos sexos	Total Nacional	Total Nacional	Semiintervalos de edad	16 y más años			2019T3	58,72
Tipo de dato	Tasa de actividad	Sexo	Ambos sexos	Total Nacional	Total Nacional	Semiintervalos de edad	16 y más años			2019T2	58,74
Tipo de dato	Tasa de actividad	Sexo	Ambos sexos	Total Nacional	Total Nacional	Semiintervalos de edad	16 y más años			2019T1	58,35
Tipo de dato	Tasa de actividad	Sexo	Ambos sexos	Total Nacional	Total Nacional	Semiintervalos de edad	16 y más años			2018T4	58,61
Tipo de dato	Tasa de actividad	Sexo	Ambos sexos	Total Nacional	Total Nacional	Semiintervalos de edad	16 y más años			2018T3	58,73
Tipo de dato	Tasa de actividad	Sexo	Ambos sexos	Total Nacional	Total Nacional	Semiintervalos de edad	16 y más años			2018T2	58,80
Tipo de dato	Tasa de actividad	Sexo	Ambos sexos	Total Nacional	Total Nacional	Semiintervalos de edad	16 y más años			2018T1	58,46
Tipo de dato	Tasa de actividad	Sexo	Ambos sexos	Total Nacional	Total Nacional	Semiintervalos de edad	16 y más años			2017T4	58,80
Tipo de dato	Tasa de actividad	Sexo	Ambos sexos	Total Nacional	Total Nacional	Semiintervalos de edad	16 y más años			2017T3	58,92
Tipo de dato	Tasa de actividad	Sexo	Ambos sexos	Total Nacional	Total Nacional	Semiintervalos de edad	16 y más años			2017T2	58,84
Tipo de dato	Tasa de actividad	Sexo	Ambos sexos	Total Nacional	Total Nacional	Semiintervalos de edad	16 y más años			2017T1	58,78
Tipo de dato	Tasa de actividad	Sexo	Ambos sexos	Total Nacional	Total Nacional	Semiintervalos de edad	16 y más años			2016T4	58,95
Tipo de dato	Tasa de actividad	Sexo	Ambos sexos	Total Nacional	Total Nacional	Semiintervalos de edad	16 y más años			2016T3	59,28
Tipo de dato	Tasa de actividad	Sexo	Ambos sexos	Total Nacional	Total Nacional	Semiintervalos de edad	16 y más años			2016T2	59,41
Tipo de dato	Tasa de actividad	Sexo	Ambos sexos	Total Nacional	Total Nacional	Semiintervalos de edad	16 y más años			2016T1	59,29
Tipo de dato	Tasa de actividad	Sexo	Ambos sexos	Total Nacional	Total Nacional	Semiintervalos de edad	16 y más años			2015T4	59,43
Tipo de dato	Tasa de actividad	Sexo	Ambos sexos	Total Nacional	Total Nacional	Semiintervalos de edad	16 y más años			2015T3	59,50
Tipo de dato	Tasa de actividad	Sexo	Ambos sexos	Total Nacional	Total Nacional	Semiintervalos de edad	16 y más años			2015T2	59,79
Tipo de dato	Tasa de actividad	Sexo	Ambos sexos	Total Nacional	Total Nacional	Semiintervalos de edad	16 y más años			2015T1	59,45
Tipo de dato	Tasa de actividad	Sexo	Ambos sexos	Total Nacional	Total Nacional	Semiintervalos de edad	16 y más años			2014T4	59,77
Tipo de dato	Tasa de actividad	Sexo	Ambos sexos	Total Nacional	Total Nacional	Semiintervalos de edad	16 y más años			2014T3	59,53
Tipo de dato	Tasa de actividad	Sexo	Ambos sexos	Total Nacional	Total Nacional	Semiintervalos de edad	16 y más años			2014T2	59,63
Tipo de dato	Tasa de actividad	Sexo	Ambos sexos	Total Nacional	Total Nacional	Semiintervalos de edad	16 y más años			2014T1	59,46
Tipo de dato	Tasa de actividad	Sexo	Ambos sexos	Total Nacional	Total Nacional	Semiintervalos de edad	16 y más años			2013T4	59,86
Tipo de dato	Tasa de actividad	Sexo	Ambos sexos	Total Nacional	Total Nacional	Semiintervalos de edad	16 y más años			2013T3	60,04
Tipo de dato	Tasa de actividad	Sexo	Ambos sexos	Total Nacional	Total Nacional	Semiintervalos de edad	16 y más años			2013T2	60,00
Tipo de dato	Tasa de actividad	Sexo	Ambos sexos	Total Nacional	Total Nacional	Semiintervalos de edad	16 y más años			2013T1	60,18
Tipo de dato	Tasa de actividad	Sexo	Ambos sexos	Total Nacional	Total Nacional	Semiintervalos de edad	16 y más años			2012T4	60,23
Tipo de dato	Tasa de actividad	Sexo	Ambos sexos	Total Nacional	Total Nacional	Semiintervalos de edad	16 y más años			2012T3	60,55
Tipo de dato	Tasa de actividad	Sexo	Ambos sexos	Total Nacional	Total Nacional	Semiintervalos de edad	16 y más años			2012T2	60,50
Tipo de dato	Tasa de actividad	Sexo	Ambos sexos	Total Nacional	Total Nacional	Semiintervalos de edad	16 y más años			2012T1	60,31
Tipo de dato	Tasa de actividad	Sexo	Ambos sexos	Total Nacional	Total Nacional	Semiintervalos de edad	16 y más años			2011T4	60,29
Tipo de dato	Tasa de actividad	Sexo	Ambos sexos	Total Nacional	Total Nacional	Semiintervalos de edad	16 y más años			2011T3	60,44
Tipo de dato	Tasa de actividad	Sexo	Ambos sexos	Total Nacional	Total Nacional	Semiintervalos de edad	16 y más años			2011T2	60,44
Tipo de dato	Tasa de actividad	Sexo	Ambos sexos	Total Nacional	Total Nacional	Semiintervalos de edad	16 y más años			2011T1	60,16
Tipo de dato	Tasa de actividad	Sexo	Ambos sexos	Total Nacional	Total Nacional	Semiintervalos de edad	16 y más años			2010T4	60,25
Tipo de dato	Tasa de actividad	Sexo	Ambos sexos	Total Nacional	Total Nacional	Semiintervalos de edad	16 y más años			2010T3	60,37
Tipo de dato	Tasa de actividad	Sexo	Ambos sexos	Total Nacional	Total Nacional	Semiintervalos de edad	16 y más años			2010T2	60,41
Tipo de dato	Tasa de actividad	Sexo	Ambos sexos	Total Nacional	Total Nacional	Semiintervalos de edad	16 y más años			2010T1	60,09
Tipo de dato	Tasa de actividad	Sexo	Ambos sexos	Total Nacional	Total Nacional	Semiintervalos de edad	16 y más años			2009T4	59,99
Tipo de dato	Tasa de actividad	Sexo	Ambos sexos	Total Nacional	Total Nacional	Semiintervalos de edad	16 y más años			2009T3	60,05
Tipo de dato	Tasa de actividad	Sexo	Ambos sexos	Total Nacional	Total Nacional	Semiintervalos de edad	16 y más años			2009T2	60,30
Tipo de dato	Tasa de actividad	Sexo	Ambos sexos	Total Nacional	Total Nacional	Semiintervalos de edad	16 y más años			2009T1	60,39
Tipo de dato	Tasa de actividad	Sexo	Ambos sexos	Total Nacional	Total Nacional	Semiintervalos de edad	16 y más años			2008T4	60,35
Tipo de dato	Tasa de actividad	Sexo	Ambos sexos	Total Nacional	Total Nacional	Semiintervalos de edad	16 y más años			2008T3	60,23
Tipo de dato	Tasa de actividad	Sexo	Ambos sexos	Total Nacional	Total Nacional	Semiintervalos de edad	16 y más años			2008T2	60,07
Tipo de dato	Tasa de actividad	Sexo	Ambos sexos	Total Nacional	Total Nacional	Semiintervalos de edad	16 y más años			2008T1	59,67
Tipo de dato	Tasa de actividad	Sexo	Ambos sexos	Total Nacional	Total Nacional	Semiintervalos de edad	16 y más años			2007T4	59,47
Tipo de dato	Tasa de actividad	Sexo	Ambos sexos	Total Nacional	Total Nacional	Semiintervalos de edad	16 y más años			2007T3	59,50
Tipo de dato	Tasa de actividad	Sexo	Ambos sexos	Total Nacional	Total Nacional	Semiintervalos de edad	16 y más años			2007T2	59,23
Tipo de dato	Tasa de actividad	Sexo	Ambos sexos	Total Nacional	Total Nacional	Semiintervalos de edad	16 y más años			2007T1	58,90
Tipo de dato	Tasa de actividad	Sexo	Ambos sexos	Total Nacional	Total Nacional	Semiintervalos de edad	16 y más años			2006T4	58,88
Tipo de dato	Tasa de actividad	Sexo	Ambos sexos	Total Nacional	Total Nacional	Semiintervalos de edad	16 y más años			2006T3	58,74
Tipo de dato	Tasa de actividad	Sexo	Ambos sexos	Total Nacional	Total Nacional	Semiintervalos de edad	16 y más años			2006T2	58,63
Tipo de dato	Tasa de actividad	Sexo	Ambos sexos	Total Nacional	Total Nacional	Semiintervalos de edad	16 y más años			2006T1	58,30
Tipo de dato	Tasa de actividad	Sexo	Ambos sexos	Total Nacional	Total Nacional	Semiintervalos de edad	16 y más años			2005T4	58,08
Tipo de dato	Tasa de actividad	Sexo	Ambos sexos	Total Nacional	Total Nacional	Semiintervalos de edad	16 y más años			2005T3	57,86
Tipo de dato	Tasa de actividad	Sexo	Ambos sexos	Total Nacional	Total Nacional	Semiintervalos de edad	16 y más años			2005T2	57,86
Tipo de dato	Tasa de actividad	Sexo	Ambos sexos	Total Nacional	Total Nacional	Semiintervalos de edad	16 y más años			2005T1	57,38
Tipo de dato	Tasa de actividad	Sexo	Ambos sexos	Total Nacional	Total Nacional	Semiintervalos de edad	16 y más años			2004T4	57,12
Tipo de dato	Tasa de actividad	Sexo	Ambos sexos	Total Nacional	Total Nacional	Semiintervalos de edad	16 y más años			2004T3	56,93
Tipo de dato	Tasa de actividad	Sexo	Ambos sexos	Total Nacional	Total Nacional	Semiintervalos de edad	16 y más años			2004T2	56,55
Tipo de dato	Tasa de actividad	Sexo	Ambos sexos	Total Nacional	Total Nacional	Semiintervalos de edad	16 y más años			2004T1	56,24
Tipo de dato	Tasa de actividad	Sexo	Ambos sexos	Total Nacional	Total Nacional	Semiintervalos de edad	16 y más años			2003T4	56,25
Tipo de dato	Tasa de actividad	Sexo	Ambos sexos	Total Nacional	Total Nacional	Semiintervalos de edad	16 y más años			2003T3	56,15
Tipo de dato	Tasa de actividad	Sexo	Ambos sexos	Total Nacional	Total Nacional	Semiintervalos de edad	16 y más años			2003T2	55,65
Tipo de dato	Tasa de actividad	Sexo	Ambos sexos	Total Nacional	Total Nacional	Semiintervalos de edad	16 y más años			2003T1	55,28
Tipo de dato	Tasa de actividad	Sexo	Ambos sexos	Total Nacional	Total Nacional	Semiintervalos de edad	16 y más años			2002T4	54,95
Tipo de dato	Tasa de actividad	Sexo	Ambos sexos	Total Nacional	Total Nacional	Semiintervalos de edad	16 y más años			2002T3	54,92
Tipo de dato	Tasa de actividad	Sexo	Ambos sexos	Total Nacional	Total Nacional	Semiintervalos de edad	16 y más años			2002T2	54,48
Tipo de dato	Tasa de actividad	Sexo	Ambos sexos	Total Nacional	Total Nacional	Semiintervalos de edad	16 y más años			2002T1	54,06
Tipo de dato	Tasa de actividad	Sexo	Ambos sexos	Total Nacional	Total Nacional	Semiintervalos de edad	16 y más años	Tipo de dato: Tasas	Diferencia anual	2024T3	-0,25
Tipo de dato	Tasa de actividad	Sexo	Ambos sexos	Total Nacional	Total Nacional	Semiintervalos de edad	16 y más años	Tipo de dato: Tasas	Diferencia anual	2024T2	0,04
Tipo de dato	Tasa de actividad	Sexo	Ambos sexos	Total Nacional	Total Nacional	Semiintervalos de edad	16 y más años	Tipo de dato: Tasas	Diferencia anual	2024T1	0,19
Tipo de dato	Tasa de actividad	Sexo	Ambos sexos	Total Nacional	Total Nacional	Semiintervalos de edad	16 y más años	Tipo de dato: Tasas	Diferencia anual	2023T4	0,43
Tipo de dato	Tasa de actividad	Sexo	Ambos sexos	Total Nacional	Total Nacional	Semiintervalos de edad	16 y más años	Tipo de dato: Tasas	Diferencia anual	2023T3	0,53
Tipo de dato	Tasa de actividad	Sexo	Ambos sexos	Total Nacional	Total Nacional	Semiintervalos de edad	16 y más años	Tipo de dato: Tasas	Diferencia anual	2023T2	0,26
Tipo de dato	Tasa de actividad	Sexo	Ambos sexos	Total Nacional	Total Nacional	Semiintervalos de edad	16 y más años	Tipo de dato: Tasas	Diferencia anual	2023T1	0,08
Tipo de dato	Tasa de actividad	Sexo	Ambos sexos	Total Nacional	Total Nacional	Semiintervalos de edad	16 y más años	Tipo de dato: Tasas	Diferencia anual	2022T4	-0,13
Tipo de dato	Tasa de actividad	Sexo	Ambos sexos	Total Nacional	Total Nacional	Semiintervalos de edad	16 y más años	Tipo de dato: Tasas	Diferencia anual	2022T3	-0,25
Tipo de dato	Tasa de actividad	Sexo	Ambos sexos	Total Nacional	Total Nacional	Semiintervalos de edad	16 y más años	Tipo de dato: Tasas	Diferencia anual	2022T2	0,18
Tipo de dato	Tasa de actividad	Sexo	Ambos sexos	Total Nacional	Total Nacional	Semiintervalos de edad	16 y más años	Tipo de dato: Tasas	Diferencia anual	2022T1	0,80
Tipo de dato	Tasa de actividad	Sexo	Ambos sexos	Total Nacional	Total Nacional	Semiintervalos de edad	16 y más años	Tipo de dato: Tasas	Diferencia anual	2021T4	0,34
Tipo de dato	Tasa de actividad	Sexo	Ambos sexos	Total Nacional	Total Nacional	Semiintervalos de edad	16 y más años	Tipo de dato: Tasas	Diferencia anual	2021T3	1,18
Tipo de dato	Tasa de actividad	Sexo	Ambos sexos	Total Nacional	Total Nacional	Semiintervalos de edad	16 y más años	Tipo de dato: Tasas	Diferencia anual	2021T2	2,88
Tipo de dato	Tasa de actividad	Sexo	Ambos sexos	Total Nacional	Total Nacional	Semiintervalos de edad	16 y más años	Tipo de dato: Tasas	Diferencia anual	2021T1	-0,62
Tipo de dato	Tasa de actividad	Sexo	Ambos sexos	Total Nacional	Total Nacional	Semiintervalos de edad	16 y más años	Tipo de dato: Tasas	Diferencia anual	2020T4	-0,55
Tipo de dato	Tasa de actividad	Sexo	Ambos sexos	Total Nacional	Total Nacional	Semiintervalos de edad	16 y más años	Tipo de dato: Tasas	Diferencia anual	2020T3	-0,88
Tipo de dato	Tasa de actividad	Sexo	Ambos sexos	Total Nacional	Total Nacional	Semiintervalos de edad	16 y más años	Tipo de dato: Tasas	Diferencia anual	2020T2	-3,20
Tipo de dato	Tasa de actividad	Sexo	Ambos sexos	Total Nacional	Total Nacional	Semiintervalos de edad	16 y más años	Tipo de dato: Tasas	Diferencia anual	2020T1	-0,17
Tipo de dato	Tasa de actividad	Sexo	Ambos sexos	Total Nacional	Total Nacional	Semiintervalos de edad	16 y más años	Tipo de dato: Tasas	Diferencia anual	2019T4	0,13
Tipo de dato	Tasa de actividad	Sexo	Ambos sexos	Total Nacional	Total Nacional	Semiintervalos de edad	16 y más años	Tipo de dato: Tasas	Diferencia anual	2019T3	-0,01
Tipo de dato	Tasa de actividad	Sexo	Ambos sexos	Total Nacional	Total Nacional	Semiintervalos de edad	16 y más años	Tipo de dato: Tasas	Diferencia anual	2019T2	-0,05
Tipo de dato	Tasa de actividad	Sexo	Ambos sexos	Total Nacional	Total Nacional	Semiintervalos de edad	16 y más años	Tipo de dato: Tasas	Diferencia anual	2019T1	-0,10
Tipo de dato	Tasa de actividad	Sexo	Ambos sexos	Total Nacional	Total Nacional	Semiintervalos de edad	16 y más años	Tipo de dato: Tasas	Diferencia anual	2018T4	-0,19
Tipo de dato	Tasa de actividad	Sexo	Ambos sexos	Total Nacional	Total Nacional	Semiintervalos de edad	16 y más años	Tipo de dato: Tasas	Diferencia anual	2018T3	-0,19
Tipo de dato	Tasa de actividad	Sexo	Ambos sexos	Total Nacional	Total Nacional	Semiintervalos de edad	16 y más años	Tipo de dato: Tasas	Diferencia anual	2018T2	-0,04
Tipo de dato	Tasa de actividad	Sexo	Ambos sexos	Total Nacional	Total Nacional	Semiintervalos de edad	16 y más años	Tipo de dato: Tasas	Diferencia anual	2018T1	-0,32
Tipo de dato	Tasa de actividad	Sexo	Ambos sexos	Total Nacional	Total Nacional	Semiintervalos de edad	16 y más años	Tipo de dato: Tasas	Diferencia anual	2017T4	-0,15
Tipo de dato	Tasa de actividad	Sexo	Ambos sexos	Total Nacional	Total Nacional	Semiintervalos de edad	16 y más años	Tipo de dato: Tasas	Diferencia anual	2017T3	-0,36
Tipo de dato	Tasa de actividad	Sexo	Ambos sexos	Total Nacional	Total Nacional	Semiintervalos de edad	16 y más años	Tipo de dato: Tasas	Diferencia anual	2017T2	-0,57
Tipo de dato	Tasa de actividad	Sexo	Ambos sexos	Total Nacional	Total Nacional	Semiintervalos de edad	16 y más años	Tipo de dato: Tasas	Diferencia anual	2017T1	-0,51
Tipo de dato	Tasa de actividad	Sexo	Ambos sexos	Total Nacional	Total Nacional	Semiintervalos de edad	16 y más años	Tipo de dato: Tasas	Diferencia anual	2016T4	-0,48
Tipo de dato	Tasa de actividad	Sexo	Ambos sexos	Total Nacional	Total Nacional	Semiintervalos de edad	16 y más años	Tipo de dato: Tasas	Diferencia anual	2016T3	-0,22
Tipo de dato	Tasa de actividad	Sexo	Ambos sexos	Total Nacional	Total Nacional	Semiintervalos de edad	16 y más años	Tipo de dato: Tasas	Diferencia anual	2016T2	-0,38
Tipo de dato	Tasa de actividad	Sexo	Ambos sexos	Total Nacional	Total Nacional	Semiintervalos de edad	16 y más años	Tipo de dato: Tasas	Diferencia anual	2016T1	-0,16
Tipo de dato	Tasa de actividad	Sexo	Ambos sexos	Total Nacional	Total Nacional	Semiintervalos de edad	16 y más años	Tipo de dato: Tasas	Diferencia anual	2015T4	-0,34
Tipo de dato	Tasa de actividad	Sexo	Ambos sexos	Total Nacional	Total Nacional	Semiintervalos de edad	16 y más años	Tipo de dato: Tasas	Diferencia anual	2015T3	-0,03
Tipo de dato	Tasa de actividad	Sexo	Ambos sexos	Total Nacional	Total Nacional	Semiintervalos de edad	16 y más años	Tipo de dato: Tasas	Diferencia anual	2015T2	0,16
Tipo de dato	Tasa de actividad	Sexo	Ambos sexos	Total Nacional	Total Nacional	Semiintervalos de edad	16 y más años	Tipo de dato: Tasas	Diferencia anual	2015T1	-0,01
Tipo de dato	Tasa de actividad	Sexo	Ambos sexos	Total Nacional	Total Nacional	Semiintervalos de edad	16 y más años	Tipo de dato: Tasas	Diferencia anual	2014T4	-0,09
Tipo de dato	Tasa de actividad	Sexo	Ambos sexos	Total Nacional	Total Nacional	Semiintervalos de edad	16 y más años	Tipo de dato: Tasas	Diferencia anual	2014T3	-0,51
Tipo de dato	Tasa de actividad	Sexo	Ambos sexos	Total Nacional	Total Nacional	Semiintervalos de edad	16 y más años	Tipo de dato: Tasas	Diferencia anual	2014T2	-0,37
Tipo de dato	Tasa de actividad	Sexo	Ambos sexos	Total Nacional	Total Nacional	Semiintervalos de edad	16 y más años	Tipo de dato: Tasas	Diferencia anual	2014T1	-0,72
Tipo de dato	Tasa de paro de la población	Sexo	Ambos sexos	Total Nacional	Total Nacional	Semiintervalos de edad	16 y más años			2024T3	11,21
Tipo de dato	Tasa de paro de la población	Sexo	Ambos sexos	Total Nacional	Total Nacional	Semiintervalos de edad	16 y más años			2024T2	11,27
Tipo de dato	Tasa de paro de la población	Sexo	Ambos sexos	Total Nacional	Total Nacional	Semiintervalos de edad	16 y más años			2024T1	12,29
Tipo de dato	Tasa de paro de la población	Sexo	Ambos sexos	Total Nacional	Total Nacional	Semiintervalos de edad	16 y más años			2023T4	11,80
Tipo de dato	Tasa de paro de la población	Sexo	Ambos sexos	Total Nacional	Total Nacional	Semiintervalos de edad	16 y más años			2023T3	11,89
Tipo de dato	Tasa de paro de la población	Sexo	Ambos sexos	Total Nacional	Total Nacional	Semiintervalos de edad	16 y más años			2023T2	11,67
Tipo de dato	Tasa de paro de la población	Sexo	Ambos sexos	Total Nacional	Total Nacional	Semiintervalos de edad	16 y más años			2023T1	13,38
Tipo de dato	Tasa de paro de la población	Sexo	Ambos sexos	Total Nacional	Total Nacional	Semiintervalos de edad	16 y más años			2022T4	12,99
Tipo de dato	Tasa de paro de la población	Sexo	Ambos sexos	Total Nacional	Total Nacional	Semiintervalos de edad	16 y más años			2022T3	12,73
Tipo de dato	Tasa de paro de la población	Sexo	Ambos sexos	Total Nacional	Total Nacional	Semiintervalos de edad	16 y más años			2022T2	12,69
Tipo de dato	Tasa de paro de la población	Sexo	Ambos sexos	Total Nacional	Total Nacional	Semiintervalos de edad	16 y más años			2022T1	13,73
Tipo de dato	Tasa de paro de la población	Sexo	Ambos sexos	Total Nacional	Total Nacional	Semiintervalos de edad	16 y más años			2021T4	13,44
Tipo de dato	Tasa de paro de la población	Sexo	Ambos sexos	Total Nacional	Total Nacional	Semiintervalos de edad	16 y más años			2021T3	14,71
Tipo de dato	Tasa de paro de la población	Sexo	Ambos sexos	Total Nacional	Total Nacional	Semiintervalos de edad	16 y más años			2021T2	15,39
Tipo de dato	Tasa de paro de la población	Sexo	Ambos sexos	Total Nacional	Total Nacional	Semiintervalos de edad	16 y más años			2021T1	16,14
Tipo de dato	Tasa de paro de la población	Sexo	Ambos sexos	Total Nacional	Total Nacional	Semiintervalos de edad	16 y más años			2020T4	16,13
Tipo de dato	Tasa de paro de la población	Sexo	Ambos sexos	Total Nacional	Total Nacional	Semiintervalos de edad	16 y más años			2020T3	16,26
Tipo de dato	Tasa de paro de la población	Sexo	Ambos sexos	Total Nacional	Total Nacional	Semiintervalos de edad	16 y más años			2020T2	15,33
Tipo de dato	Tasa de paro de la población	Sexo	Ambos sexos	Total Nacional	Total Nacional	Semiintervalos de edad	16 y más años			2020T1	14,41
Tipo de dato	Tasa de paro de la población	Sexo	Ambos sexos	Total Nacional	Total Nacional	Semiintervalos de edad	16 y más años			2019T4	13,78
Tipo de dato	Tasa de paro de la población	Sexo	Ambos sexos	Total Nacional	Total Nacional	Semiintervalos de edad	16 y más años			2019T3	13,92
Tipo de dato	Tasa de paro de la población	Sexo	Ambos sexos	Total Nacional	Total Nacional	Semiintervalos de edad	16 y más años			2019T2	14,02
Tipo de dato	Tasa de paro de la población	Sexo	Ambos sexos	Total Nacional	Total Nacional	Semiintervalos de edad	16 y más años			2019T1	14,70
Tipo de dato	Tasa de paro de la población	Sexo	Ambos sexos	Total Nacional	Total Nacional	Semiintervalos de edad	16 y más años			2018T4	14,45
Tipo de dato	Tasa de paro de la población	Sexo	Ambos sexos	Total Nacional	Total Nacional	Semiintervalos de edad	16 y más años			2018T3	14,55
Tipo de dato	Tasa de paro de la población	Sexo	Ambos sexos	Total Nacional	Total Nacional	Semiintervalos de edad	16 y más años			2018T2	15,28
Tipo de dato	Tasa de paro de la población	Sexo	Ambos sexos	Total Nacional	Total Nacional	Semiintervalos de edad	16 y más años			2018T1	16,74
Tipo de dato	Tasa de paro de la población	Sexo	Ambos sexos	Total Nacional	Total Nacional	Semiintervalos de edad	16 y más años			2017T4	16,55
Tipo de dato	Tasa de paro de la población	Sexo	Ambos sexos	Total Nacional	Total Nacional	Semiintervalos de edad	16 y más años			2017T3	16,38
Tipo de dato	Tasa de paro de la población	Sexo	Ambos sexos	Total Nacional	Total Nacional	Semiintervalos de edad	16 y más años			2017T2	17,22
Tipo de dato	Tasa de paro de la población	Sexo	Ambos sexos	Total Nacional	Total Nacional	Semiintervalos de edad	16 y más años			2017T1	18,75
Tipo de dato	Tasa de paro de la población	Sexo	Ambos sexos	Total Nacional	Total Nacional	Semiintervalos de edad	16 y más años			2016T4	18,63
Tipo de dato	Tasa de paro de la población	Sexo	Ambos sexos	Total Nacional	Total Nacional	Semiintervalos de edad	16 y más años			2016T3	18,91
Tipo de dato	Tasa de paro de la población	Sexo	Ambos sexos	Total Nacional	Total Nacional	Semiintervalos de edad	16 y más años			2016T2	20,00
Tipo de dato	Tasa de paro de la población	Sexo	Ambos sexos	Total Nacional	Total Nacional	Semiintervalos de edad	16 y más años			2016T1	21,00
Tipo de dato	Tasa de paro de la población	Sexo	Ambos sexos	Total Nacional	Total Nacional	Semiintervalos de edad	16 y más años			2015T4	20,90
Tipo de dato	Tasa de paro de la población	Sexo	Ambos sexos	Total Nacional	Total Nacional	Semiintervalos de edad	16 y más años			2015T3	21,18
Tipo de dato	Tasa de paro de la población	Sexo	Ambos sexos	Total Nacional	Total Nacional	Semiintervalos de edad	16 y más años			2015T2	22,37
Tipo de dato	Tasa de paro de la población	Sexo	Ambos sexos	Total Nacional	Total Nacional	Semiintervalos de edad	16 y más años			2015T1	23,78
Tipo de dato	Tasa de paro de la población	Sexo	Ambos sexos	Total Nacional	Total Nacional	Semiintervalos de edad	16 y más años			2014T4	23,70
Tipo de dato	Tasa de paro de la población	Sexo	Ambos sexos	Total Nacional	Total Nacional	Semiintervalos de edad	16 y más años			2014T3	23,67
Tipo de dato	Tasa de paro de la población	Sexo	Ambos sexos	Total Nacional	Total Nacional	Semiintervalos de edad	16 y más años			2014T2	24,47
Tipo de dato	Tasa de paro de la población	Sexo	Ambos sexos	Total Nacional	Total Nacional	Semiintervalos de edad	16 y más años			2014T1	25,93
Tipo de dato	Tasa de paro de la población	Sexo	Ambos sexos	Total Nacional	Total Nacional	Semiintervalos de edad	16 y más años			2013T4	25,73
Tipo de dato	Tasa de paro de la población	Sexo	Ambos sexos	Total Nacional	Total Nacional	Semiintervalos de edad	16 y más años			2013T3	25,65
Tipo de dato	Tasa de paro de la población	Sexo	Ambos sexos	Total Nacional	Total Nacional	Semiintervalos de edad	16 y más años			2013T2	26,06
Tipo de dato	Tasa de paro de la población	Sexo	Ambos sexos	Total Nacional	Total Nacional	Semiintervalos de edad	16 y más años			2013T1	26,94
Tipo de dato	Tasa de paro de la población	Sexo	Ambos sexos	Total Nacional	Total Nacional	Semiintervalos de edad	16 y más años			2012T4	25,77
Tipo de dato	Tasa de paro de la población	Sexo	Ambos sexos	Total Nacional	Total Nacional	Semiintervalos de edad	16 y más años			2012T3	24,79
Tipo de dato	Tasa de paro de la población	Sexo	Ambos sexos	Total Nacional	Total Nacional	Semiintervalos de edad	16 y más años			2012T2	24,40
Tipo de dato	Tasa de paro de la población	Sexo	Ambos sexos	Total Nacional	Total Nacional	Semiintervalos de edad	16 y más años			2012T1	24,19
Tipo de dato	Tasa de paro de la población	Sexo	Ambos sexos	Total Nacional	Total Nacional	Semiintervalos de edad	16 y más años			2011T4	22,56
Tipo de dato	Tasa de paro de la población	Sexo	Ambos sexos	Total Nacional	Total Nacional	Semiintervalos de edad	16 y más años			2011T3	21,28
Tipo de dato	Tasa de paro de la población	Sexo	Ambos sexos	Total Nacional	Total Nacional	Semiintervalos de edad	16 y más años			2011T2	20,64
Tipo de dato	Tasa de paro de la población	Sexo	Ambos sexos	Total Nacional	Total Nacional	Semiintervalos de edad	16 y más años			2011T1	21,08
Tipo de dato	Tasa de paro de la población	Sexo	Ambos sexos	Total Nacional	Total Nacional	Semiintervalos de edad	16 y más años			2010T4	20,11
Tipo de dato	Tasa de paro de la población	Sexo	Ambos sexos	Total Nacional	Total Nacional	Semiintervalos de edad	16 y más años			2010T3	19,59
Tipo de dato	Tasa de paro de la población	Sexo	Ambos sexos	Total Nacional	Total Nacional	Semiintervalos de edad	16 y más años			2010T2	19,89
Tipo de dato	Tasa de paro de la población	Sexo	Ambos sexos	Total Nacional	Total Nacional	Semiintervalos de edad	16 y más años			2010T1	19,84
Tipo de dato	Tasa de paro de la población	Sexo	Ambos sexos	Total Nacional	Total Nacional	Semiintervalos de edad	16 y más años			2009T4	18,66
Tipo de dato	Tasa de paro de la población	Sexo	Ambos sexos	Total Nacional	Total Nacional	Semiintervalos de edad	16 y más años			2009T3	17,75
Tipo de dato	Tasa de paro de la población	Sexo	Ambos sexos	Total Nacional	Total Nacional	Semiintervalos de edad	16 y más años			2009T2	17,77
Tipo de dato	Tasa de paro de la población	Sexo	Ambos sexos	Total Nacional	Total Nacional	Semiintervalos de edad	16 y más años			2009T1	17,24
Tipo de dato	Tasa de paro de la población	Sexo	Ambos sexos	Total Nacional	Total Nacional	Semiintervalos de edad	16 y más años			2008T4	13,79
Tipo de dato	Tasa de paro de la población	Sexo	Ambos sexos	Total Nacional	Total Nacional	Semiintervalos de edad	16 y más años			2008T3	11,23
Tipo de dato	Tasa de paro de la población	Sexo	Ambos sexos	Total Nacional	Total Nacional	Semiintervalos de edad	16 y más años			2008T2	10,36
Tipo de dato	Tasa de paro de la población	Sexo	Ambos sexos	Total Nacional	Total Nacional	Semiintervalos de edad	16 y más años			2008T1	9,60
Tipo de dato	Tasa de paro de la población	Sexo	Ambos sexos	Total Nacional	Total Nacional	Semiintervalos de edad	16 y más años			2007T4	8,57
Tipo de dato	Tasa de paro de la población	Sexo	Ambos sexos	Total Nacional	Total Nacional	Semiintervalos de edad	16 y más años			2007T3	8,01
Tipo de dato	Tasa de paro de la población	Sexo	Ambos sexos	Total Nacional	Total Nacional	Semiintervalos de edad	16 y más años			2007T2	7,93
Tipo de dato	Tasa de paro de la población	Sexo	Ambos sexos	Total Nacional	Total Nacional	Semiintervalos de edad	16 y más años			2007T1	8,42
Tipo de dato	Tasa de paro de la población	Sexo	Ambos sexos	Total Nacional	Total Nacional	Semiintervalos de edad	16 y más años			2006T4	8,26
Tipo de dato	Tasa de paro de la población	Sexo	Ambos sexos	Total Nacional	Total Nacional	Semiintervalos de edad	16 y más años			2006T3	8,08
Tipo de dato	Tasa de paro de la población	Sexo	Ambos sexos	Total Nacional	Total Nacional	Semiintervalos de edad	16 y más años			2006T2	8,44
Tipo de dato	Tasa de paro de la población	Sexo	Ambos sexos	Total Nacional	Total Nacional	Semiintervalos de edad	16 y más años			2006T1	9,03
Tipo de dato	Tasa de paro de la población	Sexo	Ambos sexos	Total Nacional	Total Nacional	Semiintervalos de edad	16 y más años			2005T4	8,71
Tipo de dato	Tasa de paro de la población	Sexo	Ambos sexos	Total Nacional	Total Nacional	Semiintervalos de edad	16 y más años			2005T3	8,41
Tipo de dato	Tasa de paro de la población	Sexo	Ambos sexos	Total Nacional	Total Nacional	Semiintervalos de edad	16 y más años			2005T2	9,32
Tipo de dato	Tasa de paro de la población	Sexo	Ambos sexos	Total Nacional	Total Nacional	Semiintervalos de edad	16 y más años			2005T1	10,17
Tipo de dato	Tasa de paro de la población	Sexo	Ambos sexos	Total Nacional	Total Nacional	Semiintervalos de edad	16 y más años			2004T4	10,53
Tipo de dato	Tasa de paro de la población	Sexo	Ambos sexos	Total Nacional	Total Nacional	Semiintervalos de edad	16 y más años			2004T3	10,74
Tipo de dato	Tasa de paro de la población	Sexo	Ambos sexos	Total Nacional	Total Nacional	Semiintervalos de edad	16 y más años			2004T2	11,09
Tipo de dato	Tasa de paro de la población	Sexo	Ambos sexos	Total Nacional	Total Nacional	Semiintervalos de edad	16 y más años			2004T1	11,50
Tipo de dato	Tasa de paro de la población	Sexo	Ambos sexos	Total Nacional	Total Nacional	Semiintervalos de edad	16 y más años			2003T4	11,37
Tipo de dato	Tasa de paro de la población	Sexo	Ambos sexos	Total Nacional	Total Nacional	Semiintervalos de edad	16 y más años			2003T3	11,30
Tipo de dato	Tasa de paro de la población	Sexo	Ambos sexos	Total Nacional	Total Nacional	Semiintervalos de edad	16 y más años			2003T2	11,28
Tipo de dato	Tasa de paro de la población	Sexo	Ambos sexos	Total Nacional	Total Nacional	Semiintervalos de edad	16 y más años			2003T1	11,99
Tipo de dato	Tasa de paro de la población	Sexo	Ambos sexos	Total Nacional	Total Nacional	Semiintervalos de edad	16 y más años			2002T4	11,61
Tipo de dato	Tasa de paro de la población	Sexo	Ambos sexos	Total Nacional	Total Nacional	Semiintervalos de edad	16 y más años			2002T3	11,49
Tipo de dato	Tasa de paro de la población	Sexo	Ambos sexos	Total Nacional	Total Nacional	Semiintervalos de edad	16 y más años			2002T2	11,15
Tipo de dato	Tasa de paro de la población	Sexo	Ambos sexos	Total Nacional	Total Nacional	Semiintervalos de edad	16 y más años			2002T1	11,55
Tipo de dato	Tasa de paro de la población	Sexo	Ambos sexos	Total Nacional	Total Nacional	Semiintervalos de edad	16 y más años	Tipo de dato: Tasas	Diferencia anual	2024T3	-0,69
Tipo de dato	Tasa de paro de la población	Sexo	Ambos sexos	Total Nacional	Total Nacional	Semiintervalos de edad	16 y más años	Tipo de dato: Tasas	Diferencia anual	2024T2	-0,39
Tipo de dato	Tasa de paro de la población	Sexo	Ambos sexos	Total Nacional	Total Nacional	Semiintervalos de edad	16 y más años	Tipo de dato: Tasas	Diferencia anual	2024T1	-1,09
Tipo de dato	Tasa de paro de la población	Sexo	Ambos sexos	Total Nacional	Total Nacional	Semiintervalos de edad	16 y más años	Tipo de dato: Tasas	Diferencia anual	2023T4	-1,19
Tipo de dato	Tasa de paro de la población	Sexo	Ambos sexos	Total Nacional	Total Nacional	Semiintervalos de edad	16 y más años	Tipo de dato: Tasas	Diferencia anual	2023T3	-0,84
Tipo de dato	Tasa de paro de la población	Sexo	Ambos sexos	Total Nacional	Total Nacional	Semiintervalos de edad	16 y más años	Tipo de dato: Tasas	Diferencia anual	2023T2	-1,02
Tipo de dato	Tasa de paro de la población	Sexo	Ambos sexos	Total Nacional	Total Nacional	Semiintervalos de edad	16 y más años	Tipo de dato: Tasas	Diferencia anual	2023T1	-0,35
Tipo de dato	Tasa de paro de la población	Sexo	Ambos sexos	Total Nacional	Total Nacional	Semiintervalos de edad	16 y más años	Tipo de dato: Tasas	Diferencia anual	2022T4	-0,45
Tipo de dato	Tasa de paro de la población	Sexo	Ambos sexos	Total Nacional	Total Nacional	Semiintervalos de edad	16 y más años	Tipo de dato: Tasas	Diferencia anual	2022T3	-1,98
Tipo de dato	Tasa de paro de la población	Sexo	Ambos sexos	Total Nacional	Total Nacional	Semiintervalos de edad	16 y más años	Tipo de dato: Tasas	Diferencia anual	2022T2	-2,70
Tipo de dato	Tasa de paro de la población	Sexo	Ambos sexos	Total Nacional	Total Nacional	Semiintervalos de edad	16 y más años	Tipo de dato: Tasas	Diferencia anual	2022T1	-2,41
Tipo de dato	Tasa de paro de la población	Sexo	Ambos sexos	Total Nacional	Total Nacional	Semiintervalos de edad	16 y más años	Tipo de dato: Tasas	Diferencia anual	2021T4	-2,69
Tipo de dato	Tasa de paro de la población	Sexo	Ambos sexos	Total Nacional	Total Nacional	Semiintervalos de edad	16 y más años	Tipo de dato: Tasas	Diferencia anual	2021T3	-1,55
Tipo de dato	Tasa de paro de la población	Sexo	Ambos sexos	Total Nacional	Total Nacional	Semiintervalos de edad	16 y más años	Tipo de dato: Tasas	Diferencia anual	2021T2	0,06
Tipo de dato	Tasa de paro de la población	Sexo	Ambos sexos	Total Nacional	Total Nacional	Semiintervalos de edad	16 y más años	Tipo de dato: Tasas	Diferencia anual	2021T1	1,73
Tipo de dato	Tasa de paro de la población	Sexo	Ambos sexos	Total Nacional	Total Nacional	Semiintervalos de edad	16 y más años	Tipo de dato: Tasas	Diferencia anual	2020T4	2,35
Tipo de dato	Tasa de paro de la población	Sexo	Ambos sexos	Total Nacional	Total Nacional	Semiintervalos de edad	16 y más años	Tipo de dato: Tasas	Diferencia anual	2020T3	2,34
Tipo de dato	Tasa de paro de la población	Sexo	Ambos sexos	Total Nacional	Total Nacional	Semiintervalos de edad	16 y más años	Tipo de dato: Tasas	Diferencia anual	2020T2	1,30
Tipo de dato	Tasa de paro de la población	Sexo	Ambos sexos	Total Nacional	Total Nacional	Semiintervalos de edad	16 y más años	Tipo de dato: Tasas	Diferencia anual	2020T1	-0,29
Tipo de dato	Tasa de paro de la población	Sexo	Ambos sexos	Total Nacional	Total Nacional	Semiintervalos de edad	16 y más años	Tipo de dato: Tasas	Diferencia anual	2019T4	-0,67
Tipo de dato	Tasa de paro de la población	Sexo	Ambos sexos	Total Nacional	Total Nacional	Semiintervalos de edad	16 y más años	Tipo de dato: Tasas	Diferencia anual	2019T3	-0,63
Tipo de dato	Tasa de paro de la población	Sexo	Ambos sexos	Total Nacional	Total Nacional	Semiintervalos de edad	16 y más años	Tipo de dato: Tasas	Diferencia anual	2019T2	-1,26
Tipo de dato	Tasa de paro de la población	Sexo	Ambos sexos	Total Nacional	Total Nacional	Semiintervalos de edad	16 y más años	Tipo de dato: Tasas	Diferencia anual	2019T1	-2,05
Tipo de dato	Tasa de paro de la población	Sexo	Ambos sexos	Total Nacional	Total Nacional	Semiintervalos de edad	16 y más años	Tipo de dato: Tasas	Diferencia anual	2018T4	-2,10
Tipo de dato	Tasa de paro de la población	Sexo	Ambos sexos	Total Nacional	Total Nacional	Semiintervalos de edad	16 y más años	Tipo de dato: Tasas	Diferencia anual	2018T3	-1,83
Tipo de dato	Tasa de paro de la población	Sexo	Ambos sexos	Total Nacional	Total Nacional	Semiintervalos de edad	16 y más años	Tipo de dato: Tasas	Diferencia anual	2018T2	-1,94
Tipo de dato	Tasa de paro de la población	Sexo	Ambos sexos	Total Nacional	Total Nacional	Semiintervalos de edad	16 y más años	Tipo de dato: Tasas	Diferencia anual	2018T1	-2,01
Tipo de dato	Tasa de paro de la población	Sexo	Ambos sexos	Total Nacional	Total Nacional	Semiintervalos de edad	16 y más años	Tipo de dato: Tasas	Diferencia anual	2017T4	-2,08
Tipo de dato	Tasa de paro de la población	Sexo	Ambos sexos	Total Nacional	Total Nacional	Semiintervalos de edad	16 y más años	Tipo de dato: Tasas	Diferencia anual	2017T3	-2,53
Tipo de dato	Tasa de paro de la población	Sexo	Ambos sexos	Total Nacional	Total Nacional	Semiintervalos de edad	16 y más años	Tipo de dato: Tasas	Diferencia anual	2017T2	-2,78
Tipo de dato	Tasa de paro de la población	Sexo	Ambos sexos	Total Nacional	Total Nacional	Semiintervalos de edad	16 y más años	Tipo de dato: Tasas	Diferencia anual	2017T1	-2,25
Tipo de dato	Tasa de paro de la población	Sexo	Ambos sexos	Total Nacional	Total Nacional	Semiintervalos de edad	16 y más años	Tipo de dato: Tasas	Diferencia anual	2016T4	-2,26
Tipo de dato	Tasa de paro de la población	Sexo	Ambos sexos	Total Nacional	Total Nacional	Semiintervalos de edad	16 y más años	Tipo de dato: Tasas	Diferencia anual	2016T3	-2,27
Tipo de dato	Tasa de paro de la población	Sexo	Ambos sexos	Total Nacional	Total Nacional	Semiintervalos de edad	16 y más años	Tipo de dato: Tasas	Diferencia anual	2016T2	-2,37
Tipo de dato	Tasa de paro de la población	Sexo	Ambos sexos	Total Nacional	Total Nacional	Semiintervalos de edad	16 y más años	Tipo de dato: Tasas	Diferencia anual	2016T1	-2,78
Tipo de dato	Tasa de paro de la población	Sexo	Ambos sexos	Total Nacional	Total Nacional	Semiintervalos de edad	16 y más años	Tipo de dato: Tasas	Diferencia anual	2015T4	-2,81
Tipo de dato	Tasa de paro de la población	Sexo	Ambos sexos	Total Nacional	Total Nacional	Semiintervalos de edad	16 y más años	Tipo de dato: Tasas	Diferencia anual	2015T3	-2,49
Tipo de dato	Tasa de paro de la población	Sexo	Ambos sexos	Total Nacional	Total Nacional	Semiintervalos de edad	16 y más años	Tipo de dato: Tasas	Diferencia anual	2015T2	-2,10
Tipo de dato	Tasa de paro de la población	Sexo	Ambos sexos	Total Nacional	Total Nacional	Semiintervalos de edad	16 y más años	Tipo de dato: Tasas	Diferencia anual	2015T1	-2,15
Tipo de dato	Tasa de paro de la población	Sexo	Ambos sexos	Total Nacional	Total Nacional	Semiintervalos de edad	16 y más años	Tipo de dato: Tasas	Diferencia anual	2014T4	-2,03
Tipo de dato	Tasa de paro de la población	Sexo	Ambos sexos	Total Nacional	Total Nacional	Semiintervalos de edad	16 y más años	Tipo de dato: Tasas	Diferencia anual	2014T3	-1,98
Tipo de dato	Tasa de paro de la población	Sexo	Ambos sexos	Total Nacional	Total Nacional	Semiintervalos de edad	16 y más años	Tipo de dato: Tasas	Diferencia anual	2014T2	-1,59
Tipo de dato	Tasa de paro de la población	Sexo	Ambos sexos	Total Nacional	Total Nacional	Semiintervalos de edad	16 y más años	Tipo de dato: Tasas	Diferencia anual	2014T1	-1,01
